timestamp,ifInOctets_sum,ifInOctets_mean,ifInOctets_max,ifInOctets_std,ifOutOctets_sum,ifOutOctets_mean,ifOutOctets_max,ifOutOctets_std,ifInErrors_sum,ifInErrors_mean,ifInErrors_max,ifOutErrors_sum,ifOutErrors_mean,ifOutErrors_max,latencia_mean,latencia_median,latencia_max,latencia_std,latencia_kurtosis,perdida_sum,perdida_mean,perdida_max,RSRP_mean,RSRP_min,RSRP_std,SINR_mean,SINR_max,SINR_std,BW_in_Mbps_mean,BW_in_Mbps_max,BW_in_Mbps_std,BW_out_Mbps_mean,BW_out_Mbps_max,BW_out_Mbps_std,TasaErrorIn_mean,TasaErrorIn_max,TasaErrorOut_mean,TasaErrorOut_max,CalidadSenal_dominante
2025-08-23 02:15:00,30754899,6150979.8,9931946,3110672.9024282997,8192922,1638584.4,2500175,635616.0377518019,23,4.6,8,10,2.0,3,15.819999999999999,9.58,37.56,12.707769277099738,-0.1962081743199997,0,0.0,0,-92.8,-102,7.981227975693966,13.440000000000001,22.49,7.654805680094041,0.16199999999999998,0.26,0.08197560612767679,0.044,0.07,0.018165902124584955,8e-05,0.0002,0.00012000000000000002,0.0002,Mala
2025-08-23 02:20:00,36929421,7385884.2,9577392,2407449.9514356884,17652004,3530400.8,4393211,1319721.7478931684,20,4.0,7,12,2.4,3,23.488,24.57,41.22,16.102556318796093,-1.7077339399754958,1,0.2,1,-92.8,-99,5.167204273105526,8.935999999999998,16.66,5.583720086107468,0.198,0.26,0.06418722614352486,0.094,0.12,0.03781534080237807,6.000000000000001e-05,0.0001,0.0001,0.0002,Regular
2025-08-23 02:25:00,34422064,6884412.8,9817208,2248032.1517751254,18547525,3709505.0,4532418,868412.5454074233,22,4.4,8,8,1.6,4,28.23,31.8,49.37,15.98935896150937,-0.9049540307227009,0,0.0,0,-94.6,-103,6.18869937870632,20.334,23.84,3.5802974736744995,0.186,0.26,0.05856620185738529,0.1,0.12,0.02449489742783178,0.0001,0.0002,6.000000000000001e-05,0.0002,Regular
2025-08-23 02:30:00,32530320,6506064.0,9529870,3559427.152861328,11747308,2349461.6,3539367,1123510.2697838591,23,4.6,9,9,1.8,4,28.404000000000003,32.15,46.04,18.15365059705623,-1.7081228440409857,1,0.2,1,-96.8,-109,9.176055797563569,15.674000000000001,25.62,8.046237008689216,0.172,0.25,0.0957601169589929,0.06000000000000001,0.09,0.0291547594742265,8e-05,0.0002,0.00011999999999999999,0.0003,Mala
2025-08-23 02:35:00,31717295,6343459.0,8204212,2051274.0255962878,16245088,3249017.6,4955214,1737325.4900821839,47,9.4,18,21,4.2,7,54.967999999999996,77.28,82.42,33.85781549361979,-1.7642042670227314,0,0.0,0,-101.2,-110,7.886697661252141,19.694,27.8,7.483016103149852,0.16999999999999998,0.22,0.05385164807134504,0.088,0.13,0.044384682042344296,0.00016,0.0004,0.00012000000000000002,0.0002,Regular
2025-08-23 02:40:00,28149388,5629877.6,8404852,2003551.4795796487,15106185,3021237.0,4902294,1088202.6681990353,48,9.6,19,17,3.4,8,39.016000000000005,39.99,71.4,23.191813857479975,-0.7961703910839053,0,0.0,0,-103.2,-114,7.8230428862431785,20.630000000000003,27.95,8.176499862410566,0.15,0.22,0.05338539126015655,0.082,0.13,0.027748873851023217,0.00017999999999999998,0.0003,7.999999999999999e-05,0.0003,Regular
2025-08-23 02:45:00,20252126,4050425.2,7019877,2395254.053809992,18610648,3722129.6,4761946,992406.593451142,59,11.8,19,27,5.4,9,38.298,28.12,88.52,34.61926226828064,-1.2356528157444997,0,0.0,0,-101.0,-114,9.72111104761179,8.846,16.97,7.334339097696533,0.11000000000000001,0.19,0.0651920240520265,0.1,0.13,0.025495097567963924,0.0005399999999999999,0.0017,0.00017999999999999998,0.0004,Mala
2025-08-23 02:50:00,30518693,6103738.6,7113790,1143639.210910635,12293938,2458787.6,4911519,1559105.4530428017,70,14.0,18,23,4.6,7,63.92199999999999,68.35,90.3,27.135240371148367,-1.7574335391562856,0,0.0,0,-102.8,-111,6.648308055437864,16.424,24.28,6.802553197145908,0.162,0.19,0.032710854467592254,0.066,0.13,0.0403732584763727,0.00023999999999999998,0.0003,0.00030000000000000003,0.0008,Regular
2025-08-23 02:55:00,22857657,4571531.4,9242680,3177416.999844654,16305933,3261186.6,4730258,1210880.621686878,29,5.8,9,25,5.0,8,77.51,85.26,99.63,28.02488090964884,0.023473723527032142,0,0.0,0,-99.8,-112,11.64903429473877,9.629999999999999,28.68,11.25536538722755,0.122,0.25,0.08526429498916882,0.088,0.13,0.032710854467592254,0.00018,0.0004,0.00017999999999999998,0.0003,Mala
2025-08-23 03:00:00,32137129,6427425.8,9916786,2516861.6835380923,12186621,2437324.2,4562442,1698143.6447434886,59,11.8,16,26,5.2,8,44.224000000000004,36.03,99.89,36.73723832843182,-0.999629107144751,0,0.0,0,-100.4,-112,10.502380682492898,11.312,15.1,6.4350345764416845,0.16999999999999998,0.26,0.06403124237432849,0.064,0.12,0.04393176527297759,0.0002,0.0004,0.0005,0.0013,Regular
2025-08-23 03:05:00,15130518,3026103.6,4385659,1403904.4642456267,12958170,2591634.0,4034550,1316247.0889204275,42,8.4,17,10,2.0,3,74.386,81.63,99.77,27.403991132679927,-0.1778165264534799,1,0.2,1,-103.0,-112,8.54400374531753,13.77,29.16,9.129529013043333,0.08399999999999999,0.12,0.03781534080237807,0.06999999999999999,0.11,0.03741657386773942,0.0005,0.0016,0.0001,0.0002,Regular
2025-08-23 03:10:00,25868077,5173615.4,7397986,1576454.7624712547,11564944,2312988.8,3082569,665158.7725695272,43,8.6,16,16,3.2,7,23.324,17.36,44.06,17.25682270871437,-1.7200823234997236,0,0.0,0,-96.8,-104,6.610597552415364,13.992,21.88,7.241769120870949,0.13799999999999998,0.2,0.04266145801540308,0.062,0.08,0.017888543819998316,0.00018,0.0004,0.00012000000000000002,0.0002,Regular
2025-08-23 03:15:00,23491696,4698339.2,7249859,1735196.2690543684,17153226,3430645.2,4922808,1680450.9554452044,48,9.6,17,28,5.6,9,53.432,58.79,79.46,22.032214368964368,-1.536758589096802,1,0.2,1,-94.0,-105,8.94427190999916,5.244,12.45,4.54472551426376,0.126,0.19,0.043931765272977596,0.09,0.13,0.04358898943540673,0.0002,0.0003,0.00022,0.0006,Mala
2025-08-23 03:20:00,27110635,5422127.0,8281369,2663500.070032757,13778834,2755766.8,4251198,1739878.7242226682,36,7.2,15,30,6.0,9,46.872,64.26,77.61,36.32444452431447,-1.8029382638907951,0,0.0,0,-101.6,-115,11.392980294900891,13.075999999999999,26.76,8.9890867166804,0.142,0.22,0.07190271204899021,0.072,0.11,0.048166378315169185,0.00026,0.0009,0.0004,0.0015,Mala
2025-08-23 03:25:00,23584373,4716874.6,9585377,2864132.7293815836,16798796,3359759.2,4918441,1813895.9128444223,56,11.2,16,18,3.6,6,71.672,64.34,87.12,13.151861845381436,-1.7378835240343442,2,0.4,1,-88.8,-94,4.969909455915671,18.044,29.72,11.812024805256717,0.128,0.26,0.07791020472312983,0.09,0.13,0.04636809247747852,0.00032,0.0007,0.00016,0.0004,Buena
2025-08-23 03:30:00,18134345,3626869.0,6596411,1987951.5981465694,10137380,2027476.0,3943609,1162037.1615428226,62,12.4,17,26,5.2,8,68.794,60.76,99.11,19.983031051369558,-0.8768053317414468,0,0.0,0,-101.4,-115,8.384509526501834,15.168000000000001,26.48,7.417403184403555,0.096,0.18,0.055946402922797456,0.054000000000000006,0.11,0.033615472627943226,0.0004,0.0008,0.00033999999999999997,0.0009,Regular
2025-08-23 03:35:00,27827123,5565424.6,9411855,2712402.9782593697,9598280,1919656.0,3837920,1156800.8468950046,80,16.0,19,15,3.0,4,59.160000000000004,61.7,93.18,25.884659549625145,-1.21775859109632,0,0.0,0,-99.4,-115,11.781341180018513,18.35,27.09,11.800822005267259,0.14800000000000002,0.25,0.07293833011524188,0.048,0.1,0.031144823004794875,0.00038,0.0009,0.00018,0.0003,Regular
2025-08-23 03:40:00,27154147,5430829.4,8807313,2218039.3721188316,12740233,2548046.6,3796050,992226.2102236566,51,10.2,16,24,4.8,9,62.114,55.13,99.58,33.163623595741164,-1.6673916879666715,1,0.2,1,-89.2,-98,5.263078946776307,21.387999999999998,28.23,5.591137630214445,0.14400000000000002,0.23,0.055946402922797456,0.06799999999999999,0.1,0.023874672772626646,0.00022,0.0004,0.0002,0.0004,Buena
2025-08-23 03:45:00,26030133,5206026.6,7723771,2513219.1980642676,12632530,2526506.0,4922375,1836557.7608146442,58,11.6,17,21,4.2,8,76.122,72.93,98.21,14.4319392321337,-0.8791394798323973,0,0.0,0,-96.4,-109,12.581732790041283,22.888,28.85,4.5345418732215945,0.138,0.21,0.06906518659932802,0.06600000000000002,0.13,0.05029910535983717,0.00030000000000000003,0.0007,0.00024000000000000003,0.0007,Regular
2025-08-23 03:50:00,16765927,3353185.4,7556168,2478430.54519464,10335785,2067157.0,4631479,1505447.988419228,50,10.0,13,22,4.4,8,47.438,48.2,69.37,24.474655666627875,-0.9064666593285886,1,0.2,1,-100.2,-108,11.476062042355817,13.803999999999998,24.12,8.09537089947088,0.09000000000000001,0.2,0.0651920240520265,0.054000000000000006,0.12,0.039749213828703577,0.00038,0.0007,0.00024000000000000003,0.0005,Regular
2025-08-23 03:55:00,28036826,5607365.2,8469344,2652301.5631848313,15158808,3031761.6,3851278,845874.5622769963,50,10.0,17,27,5.4,8,61.95,70.63,94.46,27.35050182354978,-0.7786999259627008,1,0.2,1,-97.0,-111,10.295630140987,7.8519999999999985,16.06,6.350844038393636,0.148,0.23,0.07293833011524188,0.07999999999999999,0.1,0.02345207879911715,0.00017999999999999998,0.0004,0.00017999999999999998,0.0003,Mala
2025-08-23 04:00:00,23756958,4751391.6,8130144,2342962.78664788,9854581,1970916.2,3221864,774218.9352141938,82,16.4,19,21,4.2,7,48.99,61.93,66.62,21.885297576226833,-1.609660719149058,0,0.0,0,-98.2,-112,9.808159868191384,22.336000000000002,29.78,8.29132257242474,0.128,0.22,0.06418722614352484,0.054000000000000006,0.09,0.023021728866442676,0.00044,0.0009,0.00024000000000000003,0.0006,Buena
2025-08-23 04:05:00,30725514,6145102.8,8988004,1912488.1759642854,18960657,3792131.4,4447208,576256.5100428802,37,7.4,12,29,5.8,8,59.052,68.44,84.55,24.45639936703684,-0.9482958562970967,1,0.2,1,-97.6,-114,10.96813566655701,16.426000000000002,21.06,5.952371796183434,0.16399999999999998,0.24,0.050299105359837164,0.10199999999999998,0.12,0.01643167672515498,0.00012000000000000002,0.0002,0.00016,0.0002,Buena
2025-08-23 04:10:00,25444681,5088936.2,7914550,2671898.917186464,15074633,3014926.6,4376274,1056064.3052327826,51,10.2,18,15,3.0,5,48.268,62.92,79.01,32.22202305877147,-1.6306740997460272,0,0.0,0,-98.4,-112,8.561541917201597,9.225999999999999,21.1,10.039294297907599,0.13399999999999998,0.21,0.07092249290598858,0.082,0.12,0.028635642126552705,0.00028000000000000003,0.0006,0.00012000000000000002,0.0002,Mala
2025-08-23 04:15:00,38031397,7606279.4,8558158,654412.4416633595,11436216,2287243.2,3891418,1314319.972423268,49,9.8,15,20,4.0,7,73.9,81.27,96.29,19.364836689215846,-1.6043168328479032,0,0.0,0,-104.8,-115,11.755849607748477,12.283999999999999,18.03,7.175533429648279,0.202,0.23,0.01923538406167135,0.06000000000000001,0.1,0.035355339059327376,0.00014,0.0002,0.00022,0.0004,Regular
2025-08-23 04:20:00,35432628,7086525.6,9511017,3223924.9849137,21036919,4207383.8,4874857,569591.0630142471,24,4.8,11,19,3.8,8,49.20399999999999,43.18,92.52,28.34059420689693,-0.8671844385041592,1,0.2,1,-104.6,-114,6.06630035524124,19.596,26.66,7.369940976697168,0.19,0.25,0.08455767262643882,0.10999999999999999,0.13,0.015811388300841896,0.00016,0.0006,8e-05,0.0002,Regular
2025-08-23 04:25:00,19089639,3817927.8,6654237,1979860.0739003501,14615274,2923054.8,4237973,908667.2716543168,21,4.2,9,31,6.2,9,35.68,38.72,61.32,26.006503032895445,-1.7498181749133723,1,0.2,1,-98.2,-112,12.557866060760482,8.986,16.86,5.373428142257045,0.10200000000000001,0.18,0.054497706373754846,0.078,0.11,0.021679483388678797,0.0002,0.0005,0.00024000000000000003,0.0005,Mala
2025-08-23 04:30:00,29777540,5955508.0,8064746,1780289.363764217,13793721,2758744.2,4881137,1693340.8937575743,39,7.8,13,22,4.4,7,59.694,62.65,88.88,31.97011933039975,-1.139927000289827,2,0.4,1,-95.4,-110,12.720062892926276,13.533999999999997,21.23,7.789154639625536,0.162,0.22,0.046583258795408464,0.074,0.13,0.04560701700396552,0.00012000000000000002,0.0002,0.00022,0.0005,Regular
2025-08-23 04:35:00,18973853,3794770.6,7706971,2886026.733488153,14621672,2924334.4,4313270,970297.3478059702,44,8.8,15,22,4.4,9,58.504000000000005,67.61,89.18,32.269808335346525,-1.7694303373296996,0,0.0,0,-102.8,-113,13.141537200799608,17.881999999999998,26.14,6.555312349537587,0.10200000000000001,0.21,0.07823042886243178,0.08,0.12,0.025495097567963924,0.0005,0.0014,0.00014,0.0003,Buena
2025-08-23 04:40:00,18634856,3726971.2,9306461,3165109.24786226,12641026,2528205.2,3690541,963689.6735301774,58,11.6,19,15,3.0,5,59.224000000000004,75.06,99.74,37.90110064364886,-1.4113069391919173,0,0.0,0,-100.8,-113,10.2810505299799,13.75,29.37,9.036727836999408,0.1,0.25,0.08514693182963201,0.068,0.1,0.027748873851023217,0.0005,0.001,0.00016000000000000004,0.0004,Regular
2025-08-23 04:45:00,28875788,5775157.6,7860006,1938431.5531736736,12601573,2520314.6,4396022,1345028.3000982916,56,11.2,19,36,7.2,9,77.31,85.5,97.47,20.03389502817662,-1.3435576747793645,0,0.0,0,-107.4,-114,6.268971207462991,13.782000000000002,27.01,10.949726937234555,0.15399999999999997,0.21,0.05412947441089743,0.068,0.12,0.037013511046643494,0.00017999999999999998,0.0003,0.00032,0.0004,Regular
2025-08-23 04:50:00,28643904,5728780.8,7908531,2036388.9938574359,15612240,3122448.0,4468222,1276965.298740142,60,12.0,18,14,2.8,6,47.884,36.85,97.66,40.32420092202696,-1.6703164070145122,0,0.0,0,-100.8,-110,7.19027120489902,17.298000000000002,24.17,8.145294347044802,0.152,0.21,0.05357238094391549,0.084,0.12,0.03286335345030997,0.00030000000000000003,0.0006,0.00014000000000000001,0.0004,Regular
2025-08-23 04:55:00,20049656,4009931.2,6822184,2106917.805166756,13506844,2701368.8,4581082,1881925.009166598,48,9.6,19,34,6.8,9,49.312,41.63,94.11,39.162518049788375,-1.7306375208219085,0,0.0,0,-99.4,-111,12.054044964243332,18.444,26.05,7.878720073717559,0.10599999999999998,0.18,0.054589376255824724,0.072,0.12,0.048166378315169185,0.00026,0.0005,0.00058,0.0016,Regular
2025-08-23 05:00:00,32793706,6558741.2,9323735,2733181.0512607284,12396728,2479345.6,3855745,1161840.417173245,24,4.8,7,24,4.8,8,29.298000000000002,26.79,49.57,12.7794178271156,-0.4685653603721254,0,0.0,0,-99.8,-112,7.918333157931661,12.656,29.98,13.110456895165782,0.17400000000000002,0.25,0.07536577472566709,0.066,0.1,0.029664793948382655,0.0001,0.0003,0.0002,0.0004,Mala
2025-08-23 05:05:00,19491054,3898210.8,7484531,3293240.9468326485,12471713,2494342.6,4693060,2007483.462544287,42,8.4,13,27,5.4,9,62.282,77.13,97.44,39.50811524231446,-1.7864082266707206,0,0.0,0,-95.8,-113,15.896540504147435,18.482,28.65,8.961995871456313,0.10600000000000001,0.2,0.08734987120768983,0.06600000000000002,0.13,0.05412947441089744,0.00038,0.0008,0.00030000000000000003,0.0007,Regular
2025-08-23 05:10:00,30959729,6191945.8,8654909,1630194.1573158395,14201543,2840308.6,4379275,1352846.817678114,57,11.4,19,24,4.8,8,45.7,35.99,80.84,20.516092464209652,-0.1821913651098348,1,0.2,1,-98.6,-112,10.644247272588137,18.806,27.18,8.336014035496822,0.166,0.23,0.042190046219457975,0.076,0.12,0.03781534080237808,0.00020000000000000004,0.0004,0.00017999999999999998,0.0003,Regular
2025-08-23 05:15:00,25701089,5140217.8,8433296,3356212.1306087314,18522147,3704429.4,4948748,896293.6412327714,43,8.6,19,26,5.2,8,36.312,29.36,69.03,19.81496833204636,-0.393938545424958,0,0.0,0,-96.4,-110,11.480418110852932,13.52,24.02,8.852770752707876,0.138,0.22,0.08843076387773657,0.09999999999999999,0.13,0.02449489742783178,0.00016,0.0003,0.00012000000000000002,0.0002,Mala
2025-08-23 05:20:00,25333131,5066626.2,8734102,2818236.4501247406,16550268,3310053.6,4817922,1901938.7697274326,70,14.0,18,28,5.6,8,34.862,25.0,81.86,28.010855395721137,-0.3198366583383523,0,0.0,0,-103.6,-114,10.96813566655701,18.046,27.48,7.8233356057374905,0.13599999999999998,0.23,0.07536577472566709,0.088,0.13,0.04868264577855234,0.00028000000000000003,0.0005,0.00030000000000000003,0.0007,Regular
2025-08-23 05:25:00,35814542,7162908.4,9658144,1605446.8951377058,16763123,3352624.6,4577151,760451.9436245133,59,11.8,18,25,5.0,8,40.896,33.73,87.14,29.69426426096461,-0.8273992530329726,1,0.2,1,-96.4,-113,12.421755109484327,16.958000000000002,28.43,9.871756176081336,0.19,0.26,0.044721359549995794,0.09000000000000001,0.12,0.018708286933869705,0.00018,0.0002,0.00016,0.0003,Buena
2025-08-23 05:30:00,25293644,5058728.8,8103230,2603203.8412635303,15367324,3073464.8,4944499,1332287.4058645153,51,10.2,18,20,4.0,9,54.21999999999999,58.52,81.36,22.92175931293233,-0.4421730215428403,0,0.0,0,-101.2,-111,7.395944834840238,15.048000000000002,26.76,10.311489708087771,0.136,0.22,0.0687749954561976,0.082,0.13,0.03420526275297414,0.00023999999999999998,0.0006,0.00016000000000000004,0.0004,Regular
2025-08-23 05:35:00,21616575,4323315.0,7659908,1935369.116108475,10990542,2198108.4,3547569,1105588.984281591,68,13.6,19,34,6.8,9,35.626,31.0,64.28,21.773396152185356,-1.4867432871723516,0,0.0,0,-94.6,-106,11.717508267545622,19.994,29.75,8.53031828245582,0.11400000000000002,0.2,0.05029910535983717,0.05800000000000001,0.09,0.02683281572999748,0.00038,0.0007,0.00041999999999999996,0.0008,Buena
2025-08-23 05:40:00,17007089,3401417.8,7314127,2318471.308584322,5887928,1177585.6,1770464,421558.7955040198,52,10.4,16,24,4.8,8,44.215999999999994,44.77,83.13,26.35968664457148,-0.6633233260519718,0,0.0,0,-105.6,-113,9.208691546577072,15.462,21.82,7.114514741006586,0.092,0.2,0.06379655163094632,0.03,0.05,0.012247448713915891,0.00047999999999999996,0.0013,0.00048000000000000007,0.0009,Regular
2025-08-23 05:45:00,34143155,6828631.0,8658426,2432944.953179274,16363597,3272719.4,4817048,1231033.3175634607,56,11.2,19,32,6.4,9,65.84,68.39,78.82,12.020888070354866,-1.1512668303112283,0,0.0,0,-98.8,-113,14.237275020171522,19.294,27.56,6.788742888046357,0.182,0.23,0.06610597552415365,0.088,0.13,0.032710854467592254,0.00017999999999999998,0.0003,0.00026,0.0006,Regular
2025-08-23 05:50:00,21954446,4390889.2,7404003,2192058.851616831,17616795,3523359.0,4873656,1592825.5363647018,56,11.2,14,32,6.4,9,72.33,84.81,99.0,26.21881099516147,-1.2645895951844262,1,0.2,1,-104.4,-114,11.844830095868831,19.972,28.81,6.2785364536649775,0.11800000000000002,0.2,0.059749476985158624,0.094,0.13,0.04277849927241487,0.00034,0.0007,0.00026000000000000003,0.0008,Regular
2025-08-23 05:55:00,23222168,4644433.6,8613287,2730770.6682831864,11736688,2347337.6,4665100,1493492.5110305373,52,10.4,19,17,3.4,7,56.056,51.49,89.5,26.55994032372814,-1.384291255109028,1,0.2,1,-94.6,-104,8.532291603080617,11.518,19.81,7.247921771101009,0.124,0.23,0.07231873892705819,0.062,0.12,0.03898717737923585,0.00042000000000000007,0.0014,0.00026000000000000003,0.0008,Regular
2025-08-23 06:00:00,25479557,5095911.4,9763313,3095452.8349923696,12099798,2419959.6,4328464,1515266.7709675087,50,10.0,17,28,5.6,8,62.666,51.79,86.68,21.566087498663265,-1.7070473259407144,1,0.2,1,-103.2,-110,7.155417527999327,8.862,22.44,7.656296101902017,0.136,0.26,0.08264381404557754,0.06599999999999999,0.12,0.042190046219457975,0.0002,0.0004,0.00030000000000000003,0.0005,Mala
2025-08-23 06:05:00,27099752,5419950.4,9536326,3388364.2751503712,14299951,2859990.2,4680656,1648509.4024219878,61,12.2,16,19,3.8,9,44.472,43.65,77.43,21.93971102817902,-0.6304321060511171,0,0.0,0,-100.6,-114,10.807404868885037,21.028,26.58,6.745996590571329,0.144,0.25,0.08848728722251575,0.074,0.12,0.04159326868617084,0.00036,0.001,0.00028,0.0012,Regular
2025-08-23 06:10:00,22248398,4449679.6,9506404,3155636.556899622,11099449,2219889.8,3795097,1481424.4399327966,60,12.0,18,25,5.0,8,51.936,58.93,95.39,30.488694298050877,-1.1734469183371001,0,0.0,0,-94.0,-108,10.295630140987,13.301999999999998,26.62,8.91259333751967,0.11600000000000002,0.25,0.08384509526501834,0.06000000000000001,0.1,0.03807886552931954,0.00046,0.0011,0.0004,0.001,Regular
2025-08-23 06:15:00,31983781,6396756.2,7671458,1249596.4253946953,16586865,3317373.0,4588657,1361703.104407308,61,12.2,19,12,2.4,5,48.489999999999995,51.51,66.25,15.337622045154196,-1.132889969753946,1,0.2,1,-94.8,-111,10.56882207249228,14.986,23.53,8.271736818830734,0.168,0.2,0.033466401061363026,0.086,0.12,0.03577708763999663,0.00021999999999999998,0.0003,0.0001,0.0003,Regular
2025-08-23 06:20:00,32227397,6445479.4,9767088,2644509.7667129724,11266240,2253248.0,3729028,1146962.6380987742,24,4.8,9,27,5.4,9,39.916,31.47,67.86,22.288755685322588,-1.6610857223550157,1,0.2,1,-96.2,-106,8.757853618324527,10.404,22.04,7.953227646685338,0.17400000000000002,0.26,0.07021395872616784,0.06000000000000001,0.1,0.032403703492039304,0.0001,0.0003,0.00030000000000000003,0.0007,Mala
2025-08-23 06:25:00,20742948,4148589.6,6946594,2390450.6060424675,10453054,2090610.8,3114235,1091131.2653373561,31,6.2,17,22,4.4,9,51.362,32.14,93.08,34.03619279531716,-1.7521028479773473,1,0.2,1,-93.0,-114,13.96424004376894,20.948,28.63,6.811348618298728,0.11200000000000002,0.19,0.06457553716385177,0.05600000000000001,0.08,0.028809720581775868,0.0002,0.0004,0.00026,0.0006,Regular
2025-08-23 06:30:00,25100943,5020188.6,6106799,1106387.276293568,16210965,3242193.0,4461352,1072546.7199863603,40,8.0,13,13,2.6,7,59.272000000000006,59.27,97.14,31.22897484708712,-1.3139806162823102,0,0.0,0,-97.6,-111,10.502380682492898,15.174000000000001,21.41,7.730972125159939,0.132,0.16,0.0303315017762062,0.086,0.12,0.029664793948382652,0.00015999999999999999,0.0003,8e-05,0.0002,Mala
2025-08-23 06:35:00,27950354,5590070.8,8983441,3141990.0093640015,15067908,3013581.6,4559175,1879720.1638082461,48,9.6,19,29,5.8,9,55.39200000000001,57.89,85.29,29.792376877315444,-1.251034944043373,0,0.0,0,-90.4,-96,3.7815340802378072,14.908000000000001,29.98,9.957709073878389,0.14800000000000002,0.24,0.08526429498916882,0.08,0.12,0.05049752469181039,0.00022,0.0004,0.00030000000000000003,0.0008,Mala
2025-08-23 06:40:00,29575571,5915114.2,8328141,2022139.3746759149,15727669,3145533.8,4657893,1237361.7851185238,54,10.8,15,23,4.6,8,46.053999999999995,25.95,88.04,30.40764755781019,-1.5124202183261326,1,0.2,1,-98.2,-111,10.940749517286282,7.684,18.12,8.19727576698503,0.15600000000000003,0.22,0.05412947441089743,0.082,0.12,0.03193743884534262,0.00022,0.0006,0.0002,0.0005,Mala
2025-08-23 06:45:00,38573751,7714750.2,9516999,1727122.46159275,12298994,2459798.8,4820295,2085885.3066626647,45,9.0,12,23,4.6,6,46.36,30.01,87.71,35.86756264370357,-1.616327890841026,1,0.2,1,-88.4,-101,7.635443667528429,13.8,21.64,8.870859597581283,0.20400000000000001,0.25,0.04505552130427523,0.06400000000000002,0.13,0.055946402922797456,0.00014,0.0002,0.00032,0.0007,Buena
2025-08-23 06:50:00,18630774,3726154.8,8740141,2922420.262106085,14514342,2902868.4,4822626,1196583.445794024,61,12.2,19,20,4.0,9,49.446,48.54,76.28,22.21241724801693,-1.2067523278996628,0,0.0,0,-103.2,-113,11.054410884348384,23.948,29.46,6.223011328930713,0.1,0.23,0.07615773105863909,0.078,0.13,0.032710854467592254,0.0006000000000000001,0.0017,0.00018,0.0004,Regular
2025-08-23 06:55:00,29018046,5803609.2,8913697,2192450.9968340686,10224664,2044932.8,3979591,1384794.9157449994,36,7.2,17,12,2.4,6,39.812,32.69,92.47,33.85578562077684,-0.8397850121811792,0,0.0,0,-93.8,-105,10.449880382090505,18.714,28.4,9.06511334733328,0.156,0.24,0.05941380311005179,0.05600000000000001,0.11,0.03974921382870358,0.0001,0.0002,0.00022,0.0008,Buena
2025-08-23 07:00:00,25305396,5061079.2,8265795,2085859.8338725206,13430367,2686073.4,4680303,1835021.0515891362,65,13.0,19,26,5.2,9,48.48199999999999,49.3,91.3,26.62180534824789,-0.5925529101562961,0,0.0,0,-93.2,-114,12.497999839974394,16.43,23.89,6.8914584813376045,0.134,0.22,0.05683308895353129,0.07,0.12,0.04582575694955839,0.00026,0.0004,0.00022,0.0006,Regular
2025-08-23 07:05:00,25463100,5092620.0,6709840,1263720.98779062,8921997,1784399.4,2446793,776267.5384838657,55,11.0,15,17,3.4,7,51.156,51.29,77.25,21.279062009402576,-0.7771419798988055,1,0.2,1,-96.0,-115,14.966629547095765,19.892,22.61,2.712908033826432,0.136,0.18,0.03286335345030996,0.05,0.07,0.02,0.00022,0.0004,0.00030000000000000003,0.001,Regular
2025-08-23 07:10:00,39708927,7941785.4,9519981,2331845.80671821,12464156,2492831.2,3840420,1369339.6501780339,40,8.0,17,31,6.2,9,65.14000000000001,78.1,99.96,32.21003880780028,-1.3785847380143705,0,0.0,0,-95.0,-115,11.895377253370318,18.56,29.11,7.471880620031345,0.20800000000000002,0.25,0.06260990336999411,0.066,0.1,0.03714835124201342,0.00011999999999999999,0.0003,0.00048000000000000007,0.0016,Regular
2025-08-23 07:15:00,28965452,5793090.4,7357182,1682582.3886420242,11212751,2242550.2,3720281,1202125.9108085143,67,13.4,18,27,5.4,9,37.32,37.34,63.44,22.23120442081355,-1.3214073789344933,1,0.2,1,-108.4,-114,6.58027355054484,11.241999999999999,25.1,8.897733981188694,0.156,0.2,0.043931765272977596,0.06200000000000001,0.1,0.032710854467592254,0.00023999999999999998,0.0003,0.00030000000000000003,0.0007,Mala
2025-08-23 07:20:00,24951600,4990320.0,7842385,2719531.698335579,14770824,2954164.8,4261675,1289537.1092829008,37,7.4,17,30,6.0,9,43.132,52.62,91.51,34.862609913774385,-1.2643541141126338,1,0.2,1,-98.8,-114,14.342245291445828,10.053999999999998,21.18,7.127287702906345,0.134,0.21,0.07092249290598858,0.078,0.11,0.03114482300479487,0.00017999999999999998,0.0003,0.0002,0.0003,Mala
2025-08-23 07:25:00,25459960,5091992.0,9106609,3487045.459323982,13553644,2710728.8,4598064,1454989.0170160048,33,6.6,16,28,5.6,9,43.268,46.63,84.72,30.603064715809104,-1.242510444909832,0,0.0,0,-105.6,-113,6.877499545619759,14.496,26.74,8.06584961426879,0.13399999999999998,0.24,0.09154233993076645,0.072,0.12,0.03834057902536163,0.00026000000000000003,0.0011,0.00028000000000000003,0.0005,Regular
2025-08-23 07:30:00,33460751,6692150.2,9073461,2950685.510223294,12974922,2594984.4,4463735,1421701.2556899216,47,9.4,16,29,5.8,8,34.874,27.56,73.84,26.172693403622027,-1.0860273748279763,0,0.0,0,-95.2,-111,9.093954035511725,20.586000000000002,29.5,11.790009754024803,0.178,0.24,0.07694153624668539,0.07,0.12,0.03741657386773941,0.00017999999999999998,0.0003,0.0004,0.0012,Regular
2025-08-23 07:35:00,28010240,5602048.0,9756262,3522300.390771136,10840392,2168078.4,4148966,1392722.7417671115,24,4.8,13,17,3.4,8,47.638,41.08,81.14,24.151787097438564,-1.3036185530202538,0,0.0,0,-107.0,-115,6.442049363362563,12.798,19.75,5.167878675046464,0.148,0.26,0.09311283477587824,0.05600000000000001,0.11,0.03781534080237807,0.0001,0.0003,0.0002,0.0006,Regular
2025-08-23 07:40:00,36186444,7237288.8,7555968,457194.9718678017,11405527,2281105.4,4568316,1390266.51010995,30,6.0,15,12,2.4,4,48.282,42.25,78.41,28.041317194454326,-1.6874994879782241,0,0.0,0,-100.2,-113,10.03493896344168,12.751999999999999,27.7,13.118992720479723,0.192,0.2,0.013038404810405298,0.062,0.12,0.036331804249169895,8e-05,0.0002,0.00012000000000000002,0.0002,Mala
2025-08-23 07:45:00,23390823,4678164.6,9837590,2978493.249984344,9630106,1926021.2,4555957,1556424.6232684061,58,11.6,18,19,3.8,9,54.89200000000001,58.75,93.27,30.69740901118529,-0.9388240893165323,0,0.0,0,-95.8,-114,10.425929215182693,17.874000000000002,25.64,7.409512804496663,0.124,0.26,0.07829431652425353,0.05,0.12,0.0406201920231798,0.00033999999999999997,0.0007,0.00028000000000000003,0.0008,Regular
2025-08-23 07:50:00,14871433,2974286.6,5183839,1678561.8359006916,16439575,3287915.0,4441237,1345914.2330759787,43,8.6,14,11,2.2,4,50.228,54.85,83.55,32.98049757053401,-1.4907172258606447,0,0.0,0,-102.6,-109,11.058933040759403,20.832,28.79,5.338320897061172,0.078,0.14,0.048166378315169185,0.088,0.12,0.03768288736283354,0.00035999999999999997,0.0008,8e-05,0.0001,Regular
2025-08-23 07:55:00,24450172,4890034.4,6948540,2399224.646738254,12466213,2493242.6,4076511,1214203.5726875868,51,10.2,18,5,1.0,3,60.81600000000001,68.45,96.34,37.85927667032217,-1.341370068178489,1,0.2,1,-100.4,-108,6.9498201415576215,16.872000000000003,27.23,10.073915326227434,0.13,0.19,0.06442049363362563,0.06599999999999999,0.11,0.03361547262794322,0.00028000000000000003,0.0008,4e-05,0.0001,Regular
2025-08-23 08:00:00,31127683,6225536.6,9849851,3287196.752684162,16567186,3313437.2,3934955,569048.4788176663,68,13.6,19,30,6.0,9,56.702,63.09,85.57,23.4619792430221,-1.52582154949406,1,0.2,1,-93.2,-107,10.10940156488009,10.518,25.75,8.803730459299626,0.166,0.26,0.08648699324175861,0.088,0.1,0.016431676725154984,0.00022,0.0004,0.00022,0.0004,Mala
2025-08-23 08:05:00,29292553,5858510.6,9640059,3194029.2500852747,16456415,3291283.0,4921590,1246838.627063262,61,12.2,19,38,7.6,9,64.47200000000001,75.21,94.98,30.89395685243313,-1.7672071418374269,0,0.0,0,-95.8,-106,7.628892449104261,18.413999999999998,27.76,10.500970431345857,0.156,0.26,0.08619744775803981,0.086,0.13,0.03361547262794322,0.00026000000000000003,0.0005,0.00024000000000000003,0.0004,Regular
2025-08-23 08:10:00,22219792,4443958.4,7754350,2690052.964952047,17487462,3497492.4,4927036,1429773.1357851147,33,6.6,16,13,2.6,7,62.354,72.09,96.52,33.7533639804983,-0.23502624051511267,1,0.2,1,-96.6,-109,8.324662155306964,18.05,29.12,6.96630820449397,0.118,0.21,0.07259476565152614,0.092,0.13,0.0396232255123179,0.00016,0.0003,0.00012000000000000002,0.0004,Regular
2025-08-23 08:15:00,22614379,4522875.8,8019431,2119669.643075236,12220898,2444179.6,3481352,875462.2024558228,41,8.2,19,24,4.8,8,46.112,37.3,99.06,32.18564384939347,-0.33273856961170134,0,0.0,0,-93.0,-107,10.793516572461451,19.991999999999997,29.38,8.022877912569777,0.12,0.21,0.055226805085936304,0.066,0.09,0.023021728866442673,0.00022,0.0005,0.00022,0.0004,Buena
2025-08-23 08:20:00,35133467,7026693.4,9611474,2734581.4350054194,9139349,1827869.8,3986669,1296536.953511623,57,11.4,19,19,3.8,9,53.641999999999996,37.62,93.87,32.95166338745284,-1.7243338809664603,1,0.2,1,-92.2,-103,6.300793600809345,12.627999999999998,22.51,6.101267901018608,0.19,0.26,0.07416198487095663,0.05,0.11,0.035355339059327376,0.00018,0.0003,0.00026000000000000003,0.0005,Mala
2025-08-23 08:25:00,28862848,5772569.6,9217316,2890522.6707110084,12843083,2568616.6,4222946,1333449.8617714504,61,12.2,18,34,6.8,9,35.74400000000001,20.47,93.22,34.131889487691716,-0.3327508308031,0,0.0,0,-92.8,-108,8.814760348415605,6.902000000000001,16.62,6.785478612448793,0.154,0.25,0.07893034904268446,0.06799999999999999,0.11,0.03492849839314596,0.00026000000000000003,0.0007,0.00038,0.001,Mala
2025-08-23 08:30:00,23360027,4672005.4,7095929,2277271.241329697,14775861,2955172.2,3941628,1113080.2587456126,31,6.2,9,26,5.2,9,55.577999999999996,52.64,96.97,28.020707878281733,-0.6301130441563356,0,0.0,0,-102.8,-114,11.840608092492547,18.976,26.44,5.162812218161727,0.124,0.19,0.061886993787063214,0.078,0.11,0.03114482300479487,0.00026000000000000003,0.0008,0.00017999999999999998,0.0003,Regular
2025-08-23 08:35:00,17907747,3581549.4,7468703,2600184.002252014,13462624,2692524.8,4517136,1671421.8295797445,58,11.6,15,22,4.4,8,59.806000000000004,67.88,76.62,20.662240439991013,-1.0477113117316064,1,0.2,1,-102.0,-115,10.723805294763608,12.734,24.56,9.070765127595356,0.096,0.2,0.07092249290598858,0.072,0.12,0.046043457732885346,0.0005,0.001,0.00028,0.0009,Mala
2025-08-23 08:40:00,28299102,5659820.4,8474447,2833859.1687626787,15126976,3025395.2,4978011,1495691.3772196455,65,13.0,19,28,5.6,9,64.13199999999999,76.92,90.91,32.17708144005606,-0.3562199524129479,1,0.2,1,-107.6,-114,9.449867723941962,15.334,22.43,6.5978882985391625,0.15,0.23,0.07648529270389177,0.07999999999999999,0.13,0.040620192023179805,0.00036,0.0011,0.00017999999999999998,0.0003,Regular
2025-08-23 08:45:00,35280198,7056039.6,9929860,2325862.3346269447,14729412,2945882.4,4937677,1234732.6981550702,38,7.6,15,15,3.0,7,37.230000000000004,43.23,68.03,23.311948652997675,-0.9693859033248384,1,0.2,1,-100.6,-114,8.648699324175862,18.973999999999997,29.24,11.940939242789906,0.186,0.26,0.059413803110051795,0.08,0.13,0.030822070014844882,0.0001,0.0002,0.00012000000000000002,0.0003,Buena
2025-08-23 08:50:00,26199000,5239800.0,9744220,4027091.554331426,13743607,2748721.4,4477019,1513158.4287639216,43,8.6,17,25,5.0,7,75.19200000000001,89.04,91.37,24.112628848800373,-0.4010708223183306,1,0.2,1,-102.8,-115,11.256109452204166,20.717999999999996,27.38,5.896632089591481,0.13799999999999998,0.26,0.10848963084092415,0.074,0.12,0.04159326868617084,0.00034,0.001,0.00022,0.0005,Regular
2025-08-23 08:55:00,28324950,5664990.0,8156720,2925780.9098768826,13911641,2782328.2,4497615,1458997.1793760261,19,3.8,7,23,4.6,9,31.962,30.81,45.85,9.89955908109043,-1.3026868901740778,0,0.0,0,-103.6,-115,11.738824472663351,12.2,21.57,5.649778756730214,0.152,0.22,0.07661592523751182,0.074,0.12,0.03714835124201342,0.00014000000000000001,0.0004,0.0004,0.0016,Mala
2025-08-23 09:00:00,28116128,5623225.6,8068121,2344883.567813187,14484482,2896896.4,4854385,1640021.0994578088,36,7.2,15,20,4.0,7,52.598,55.49,83.94,28.308579441575656,-1.4935952627859614,1,0.2,1,-98.8,-115,10.329569206893384,13.967999999999998,20.85,6.1970977077983855,0.152,0.22,0.06260990336999411,0.076,0.13,0.044497190922573975,0.00011999999999999999,0.0003,0.00022,0.0005,Regular
2025-08-23 09:05:00,22918823,4583764.6,6084921,1906828.6613535313,13795125,2759025.0,3710016,1195116.2423069985,55,11.0,18,30,6.0,8,42.756,46.22,61.63,16.017525714042105,-1.1899254164238289,0,0.0,0,-91.8,-106,9.121403400793104,17.996000000000002,27.27,11.475215902108333,0.122,0.16,0.052630789467763076,0.074,0.1,0.034351128074635334,0.00026000000000000003,0.0004,0.00028000000000000003,0.0007,Buena
2025-08-23 09:10:00,16797963,3359592.6,8706358,3046254.127531599,11412486,2282497.2,3042637,1005240.8039436123,50,10.0,15,30,6.0,8,55.214,56.94,90.73,29.49849962286218,-1.2775617031143396,0,0.0,0,-100.0,-101,0.7071067811865476,16.041999999999998,28.33,7.937245743959298,0.09000000000000001,0.23,0.07968688725254615,0.062,0.08,0.02683281572999748,0.00054,0.0011,0.00035999999999999997,0.0008,Regular
2025-08-23 09:15:00,28550918,5710183.6,7232753,2265757.472934118,16787545,3357509.0,4658549,1224385.5996688707,25,5.0,12,33,6.6,9,74.062,67.57,93.5,13.926782471195562,-1.2832116019545472,0,0.0,0,-100.8,-115,11.966620241321273,19.4,26.99,8.109645491635254,0.15400000000000003,0.19,0.0589915248150105,0.088,0.12,0.03114482300479487,0.00018,0.0007,0.0002,0.0003,Regular
2025-08-23 09:20:00,12269625,2453925.0,5035851,1514633.172143011,9448827,1889765.4,4962816,1771497.88880323,25,5.0,19,16,3.2,5,51.78000000000001,42.95,90.35,35.04831237021263,-1.4102513828543959,2,0.4,1,-99.4,-112,13.538833036861043,9.702000000000002,20.18,8.809053297602416,0.064,0.13,0.0391152144312159,0.05,0.13,0.0469041575982343,0.00030000000000000003,0.0013,0.00030000000000000003,0.0008,Mala
2025-08-23 09:25:00,19509824,3901964.8,5580081,1003517.8682891999,13766241,2753248.2,4870380,1222256.9645899753,38,7.6,19,21,4.2,8,44.233999999999995,49.08,81.09,28.56958837645373,-1.4739133830848132,1,0.2,1,-96.8,-106,9.833615815151617,14.442000000000002,19.88,5.391499791338214,0.10599999999999998,0.15,0.02701851217221259,0.076,0.13,0.03130495168499706,0.00016,0.0003,0.00017999999999999998,0.0004,Regular
2025-08-23 09:30:00,33677200,6735440.0,9454561,2460167.795208083,13039825,2607965.0,4500737,1798286.668922394,61,12.2,18,24,4.8,9,54.327999999999996,61.51,98.15,35.66396248315658,-1.4586670008266838,0,0.0,0,-105.0,-113,8.972179222463181,18.174,23.38,5.90558041178003,0.182,0.25,0.06379655163094632,0.06799999999999999,0.12,0.0506951674225463,0.00022,0.0004,0.00044,0.0016,Regular
2025-08-23 09:35:00,27210249,5442049.8,7374201,1754814.7336578583,14825796,2965159.2,4909352,1215503.062251264,45,9.0,14,26,5.2,8,33.486000000000004,21.39,67.58,26.413419506001112,-1.6204701097242056,0,0.0,0,-98.2,-114,14.20211251891774,14.512,29.18,10.971119815223968,0.14600000000000002,0.2,0.047749345545253286,0.08,0.13,0.0316227766016838,0.00015999999999999999,0.0003,0.0002,0.0004,Buena
2025-08-23 09:40:00,16759265,3351853.0,5711075,1945358.7957663492,5738874,1147774.8,1808507,571962.83422719,29,5.8,15,27,5.4,7,73.494,82.78,98.44,27.265663021463464,-1.1508903209741568,0,0.0,0,-96.6,-112,11.304866208850063,22.096,28.44,6.919004986267896,0.09,0.15,0.05244044240850758,0.030000000000000006,0.05,0.01870828693386971,0.00015999999999999999,0.0003,0.00062,0.0013,Regular
2025-08-23 09:45:00,34007353,6801470.6,8326434,1982171.9049991097,13201942,2640388.4,4566621,1805074.499798637,48,9.6,19,26,5.2,9,44.11,38.01,97.12,32.54916358372362,-0.40231898339744765,1,0.2,1,-94.6,-115,13.390294993016397,10.790000000000001,18.29,6.168723530844934,0.182,0.22,0.05215361924162119,0.07200000000000001,0.12,0.046043457732885346,0.00012000000000000002,0.0003,0.00048000000000000007,0.0015,Regular
2025-08-23 09:50:00,19113312,3822662.4,5594877,1991996.1098099062,10962965,2192593.0,3581091,1239134.8765576328,72,14.4,17,27,5.4,9,43.82000000000001,48.5,70.74,25.345783673029327,-1.4349398919509326,1,0.2,1,-101.8,-115,10.47377677822093,13.764,20.92,8.41820230215454,0.10200000000000001,0.15,0.0535723809439155,0.06000000000000001,0.1,0.03391164991562634,0.00062,0.0016,0.00044,0.0014,Mala
2025-08-23 09:55:00,25847128,5169425.6,7990102,2685189.4986869735,19540886,3908177.2,4846664,1084877.6367916798,41,8.2,14,19,3.8,8,58.846000000000004,59.88,83.24,24.783104728826853,-1.6451311387908516,0,0.0,0,-100.4,-112,6.841052550594827,15.401999999999997,26.77,8.947777377650832,0.13799999999999998,0.21,0.07328028384224504,0.10600000000000001,0.13,0.030495901363953814,0.00017999999999999998,0.0004,0.0001,0.0002,Mala
2025-08-23 10:00:00,21212966,4242593.2,6781565,1904194.4464344233,16189949,3237989.8,4835702,1271300.2842995827,36,7.2,19,21,4.2,8,49.168000000000006,39.44,81.54,18.90851580637677,-0.19009074116298974,1,0.2,1,-96.2,-114,10.52140675005011,11.428,13.14,3.0853152189038964,0.11200000000000002,0.18,0.0506951674225463,0.086,0.13,0.03361547262794322,0.00015999999999999999,0.0005,0.00018,0.0006,Regular
2025-08-23 10:05:00,31514737,6302947.4,7486460,1282583.8357126212,15086145,3017229.0,4615811,1455722.9687315165,34,6.8,14,13,2.6,8,44.588,49.34,84.89,27.70045613342856,-0.9931865208371065,1,0.2,1,-95.2,-107,9.808159868191384,12.309999999999999,21.88,8.637265192177441,0.168,0.2,0.035637059362410926,0.08199999999999999,0.12,0.03834057902536163,0.00012000000000000002,0.0003,0.0001,0.0003,Mala
2025-08-23 10:10:00,31826081,6365216.2,9814131,3186503.9047287703,13813755,2762751.0,3674108,1179118.2046499834,36,7.2,19,29,5.8,8,54.758,41.54,83.24,26.11117040655206,-1.6962499560302726,0,0.0,0,-96.4,-114,14.046351839534706,17.466,24.25,6.449762011113278,0.168,0.26,0.0864291617453276,0.074,0.1,0.03209361307176242,0.00014000000000000001,0.0004,0.0002,0.0003,Regular
2025-08-23 10:15:00,25331813,5066362.6,8689684,2124152.894970322,13148586,2629717.2,4448242,1322513.8094419658,38,7.6,14,26,5.2,9,57.2,48.62,93.71,35.1894359147742,-1.646438545610076,2,0.4,1,-101.0,-114,7.416198487095663,14.992,27.98,10.649402330647481,0.136,0.23,0.055497747702046435,0.072,0.12,0.034928498393145956,0.00016,0.0004,0.00022,0.0004,Regular
2025-08-23 10:20:00,19555661,3911132.2,6851244,2581445.928087435,11974724,2394944.8,4441106,1283751.838886979,59,11.8,19,25,5.0,8,45.498000000000005,50.18,69.97,23.03552083196731,-0.41934277924302776,0,0.0,0,-102.8,-112,9.67987603226405,16.026,26.2,10.84982165752046,0.10400000000000001,0.18,0.06841052550594828,0.064,0.12,0.036469165057620934,0.0005200000000000001,0.0011,0.00022,0.0005,Mala
2025-08-23 10:25:00,23963604,4792720.8,7837433,2452110.5562361376,13086071,2617214.2,3114150,470596.0374559055,44,8.8,16,20,4.0,5,63.25,67.36,97.26,27.987073802025105,-0.5836186720033809,0,0.0,0,-95.8,-111,12.911235417263523,15.716,26.23,9.0369203825197,0.128,0.21,0.06534523701081817,0.07,0.08,0.010000000000000002,0.00024000000000000003,0.0005,0.00014000000000000001,0.0002,Regular
2025-08-23 10:30:00,31599139,6319827.8,9914438,2969914.96166333,12868558,2573711.6,4688891,1398272.2560255567,54,10.8,18,8,1.6,6,45.922,44.68,94.16,34.29605837410474,-1.2597911213885777,0,0.0,0,-101.2,-111,11.054410884348384,14.542000000000002,26.27,10.539436417569965,0.166,0.26,0.07987490219086343,0.07000000000000002,0.13,0.039370039370059055,0.00017999999999999998,0.0003,4e-05,0.0001,Regular
2025-08-23 10:35:00,39162941,7832588.2,9905921,1280766.943468522,16207412,3241482.4,4995511,1452469.1982623246,35,7.0,13,17,3.4,9,43.894000000000005,43.3,67.87,21.09770674741689,-0.8549841328064418,0,0.0,0,-97.0,-107,8.093207028119323,12.704000000000002,20.45,5.631090480537495,0.20600000000000002,0.26,0.03361547262794322,0.086,0.13,0.03781534080237807,0.0001,0.0002,0.00016,0.0005,Regular
2025-08-23 10:40:00,36569723,7313944.6,9783148,2993249.9873982794,12113621,2422724.2,4725889,1578288.067337107,59,11.8,19,8,1.6,3,59.89,63.12,84.2,24.609977651351088,-1.6132216731265372,2,0.4,1,-97.2,-110,10.009995004993758,15.51,24.09,7.942773445088308,0.194,0.26,0.08018728078691782,0.064,0.13,0.045607017003965515,0.00017999999999999998,0.0003,8e-05,0.0001,Regular
2025-08-23 10:45:00,35221974,7044394.8,9415398,1425118.6283666706,11894489,2378897.8,3592195,1199726.538321421,56,11.2,16,23,4.6,9,46.952000000000005,44.25,69.2,22.419823148276617,-1.1899149033136334,1,0.2,1,-103.4,-112,5.458937625582473,15.319999999999999,21.59,4.594583767872776,0.186,0.25,0.03781534080237807,0.06399999999999999,0.1,0.03209361307176243,0.00016,0.0002,0.00018,0.0004,Regular
2025-08-23 10:50:00,23825275,4765055.0,8827494,2852743.0673415894,17371475,3474295.0,4943778,1369813.1661739494,60,12.0,18,25,5.0,8,35.994,22.27,83.59,28.930385928984773,-0.507639047562614,1,0.2,1,-100.2,-113,8.348652585896719,5.803999999999999,12.19,5.262910791567723,0.128,0.24,0.07694153624668539,0.092,0.13,0.035637059362410926,0.0004,0.0012,0.00014,0.0002,Mala
2025-08-23 10:55:00,30458815,6091763.0,8002587,2557335.8845578926,14398948,2879789.6,3542146,1197116.5003053378,63,12.6,19,13,2.6,7,44.248000000000005,44.82,88.54,31.361854537000838,-1.1510536350705236,2,0.4,1,-98.6,-112,12.601587201618692,14.331999999999999,25.54,9.531671941480152,0.16399999999999998,0.21,0.0654217089351845,0.07400000000000001,0.09,0.03049590136395381,0.00022,0.0005,8e-05,0.0002,Mala
2025-08-23 11:00:00,38217449,7643489.8,9693670,1462429.9562728466,18858531,3771706.2,4852099,1253509.6083338172,72,14.4,19,18,3.6,7,55.23199999999999,52.73,96.02,30.40143203863923,-1.4347660799146462,0,0.0,0,-99.2,-111,14.463747785411636,9.75,14.95,4.560663328946788,0.20400000000000001,0.26,0.0391152144312159,0.10200000000000001,0.13,0.033466401061363026,0.00017999999999999998,0.0003,0.00014000000000000001,0.0004,Regular
2025-08-23 11:05:00,26501914,5300382.8,7062903,1375411.5851106897,17753498,3550699.6,4459076,1507880.8985839367,44,8.8,16,25,5.0,9,81.03999999999999,89.19,93.76,14.648274642428031,-1.8133452299924984,0,0.0,0,-94.0,-113,13.656500283747663,9.506,21.16,8.193502303655013,0.14200000000000002,0.19,0.037013511046643494,0.094,0.12,0.04219004621945797,0.00015999999999999999,0.0003,0.00015999999999999999,0.0003,Mala
2025-08-23 11:10:00,27206292,5441258.4,6747372,1599551.4659997032,15226620,3045324.0,3609244,467459.98672988045,50,10.0,19,21,4.2,7,58.064,55.47,76.48,14.526067258552812,-1.5814987219430312,0,0.0,0,-96.6,-113,12.501999840025595,18.887999999999998,26.67,10.628091079775333,0.14600000000000002,0.18,0.04219004621945797,0.082,0.1,0.013038404810405297,0.00026000000000000003,0.0007,0.00014000000000000001,0.0003,Buena
2025-08-23 11:15:00,17095552,3419110.4,6658796,1883244.3095252672,14806309,2961261.8,4671774,1035091.8061506428,34,6.8,13,32,6.4,8,63.436,74.49,84.13,27.289493949137274,-0.5839942212995015,0,0.0,0,-104.0,-114,12.349089035228468,16.718,25.73,9.890504031645708,0.094,0.18,0.050299105359837164,0.078,0.12,0.025884358211089566,0.00024000000000000003,0.0004,0.00023999999999999998,0.0004,Regular
2025-08-23 11:20:00,21283170,4256634.0,6221816,1966145.2471059966,9327205,1865441.0,3505334,1453525.4966086766,32,6.4,13,17,3.4,6,58.602,45.97,91.93,28.16900370975161,-1.6892029444564443,0,0.0,0,-99.6,-114,12.876334882255899,6.364,14.22,6.6652404307721715,0.11600000000000002,0.17,0.053197744313081545,0.048,0.09,0.038987177379235856,0.00014,0.0002,0.00034,0.0009,Mala
2025-08-23 11:25:00,30061969,6012393.8,9441136,2894640.0310318726,14819156,2963831.2,4353321,1266888.872032271,65,13.0,16,13,2.6,7,56.751999999999995,53.84,85.2,18.455365615451786,-0.547890771867074,0,0.0,0,-96.8,-114,12.6372465355393,17.29,26.66,8.20930569536791,0.16,0.25,0.07648529270389177,0.07999999999999999,0.12,0.035355339059327376,0.00030000000000000003,0.0006,8e-05,0.0002,Regular
2025-08-23 11:30:00,35312233,7062446.6,8177545,970985.66921778,16423435,3284687.0,4907871,1267658.4219005923,46,9.2,17,13,2.6,5,35.803999999999995,30.84,97.94,37.18269799248032,-0.3391529355304357,0,0.0,0,-95.2,-111,12.67675037223657,19.139999999999997,25.6,8.622838859679566,0.188,0.22,0.027748873851023214,0.088,0.13,0.032710854467592254,0.00012000000000000002,0.0002,0.0001,0.0003,Buena
2025-08-23 11:35:00,27362617,5472523.4,8349369,3000259.5864006164,6476856,1295371.2,2442811,801335.6929281885,51,10.2,19,21,4.2,8,64.018,68.75,96.75,24.20494515589738,-1.3241152448410083,0,0.0,0,-109.6,-113,4.098780306383839,22.805999999999997,29.99,6.3524113531792,0.144,0.22,0.07829431652425355,0.036000000000000004,0.07,0.02302172886644268,0.0004,0.0016,0.0005,0.001,Regular
2025-08-23 11:40:00,32643153,6528630.6,8686841,2733333.577300857,16182992,3236598.4,4720459,1311664.2105418216,21,4.2,8,18,3.6,8,65.83,79.41,94.94,27.674471991349716,-1.5699688362968718,1,0.2,1,-102.0,-114,10.677078252031311,12.716000000000003,21.75,7.999436230135221,0.174,0.23,0.07368853370776215,0.088,0.13,0.03563705936241092,0.0001,0.0003,0.0001,0.0002,Mala
2025-08-23 11:45:00,26008967,5201793.4,8884479,2621476.275232679,17106885,3421377.0,4729011,1265626.2479438786,36,7.2,16,19,3.8,6,61.376,67.65,99.08,33.35644510435727,-0.3531985587027804,2,0.4,1,-94.0,-105,8.631338250816034,16.182,28.89,11.515874695393313,0.13799999999999998,0.24,0.07120393247567158,0.092,0.13,0.03420526275297414,0.00012000000000000002,0.0002,0.0001,0.0002,Regular
2025-08-23 11:50:00,31322525,6264505.0,7126319,620995.8582563172,13967047,2793409.4,4432441,1099916.6514442356,56,11.2,14,20,4.0,6,44.624,26.15,94.16,33.442056306393596,-1.209401577309787,0,0.0,0,-91.2,-108,10.353743284435827,13.803999999999998,29.18,11.769652926063708,0.168,0.19,0.014832396974191328,0.07599999999999998,0.12,0.028809720581775864,0.0002,0.0003,0.00014000000000000001,0.0004,Mala
2025-08-23 11:55:00,21493914,4298782.8,9511010,3086818.4108027313,14265301,2853060.2,4911589,1895009.950885272,73,14.6,19,23,4.6,7,35.438,34.19,56.91,15.654614974505122,-1.3662921755348534,1,0.2,1,-100.4,-111,8.294576541331088,14.992,18.32,4.0716544548868585,0.11200000000000002,0.25,0.08136338242723197,0.076,0.13,0.05079370039680117,0.00052,0.0012,0.0002,0.0004,Regular
2025-08-23 12:00:00,25046201,5009240.2,8136029,2255028.8108429345,17579639,3515927.8,4342323,524743.0118836267,67,13.4,19,33,6.6,9,53.46,44.72,90.31,30.60676314150191,-1.2723546037257278,1,0.2,1,-100.8,-108,6.016643582596529,13.551999999999998,24.2,8.758374278369246,0.134,0.22,0.059833101206606364,0.094,0.12,0.0151657508881031,0.00032,0.0008,0.00017999999999999998,0.0003,Regular
2025-08-23 12:05:00,28846096,5769219.2,9416320,2788563.7720220243,13973808,2794761.6,4939850,1349128.264398645,35,7.0,12,26,5.2,9,34.336,20.49,67.86,28.533817305085556,-1.7493557653374487,0,0.0,0,-89.8,-97,4.658325879540846,11.276,24.2,9.636385733250822,0.154,0.25,0.07162401831787994,0.074,0.13,0.03646916505762094,0.00016,0.0005,0.00026,0.0005,Mala
2025-08-23 12:10:00,35042170,7008434.0,9523838,3089967.7050108467,13321123,2664224.6,4215288,1374423.6230466936,23,4.6,11,30,6.0,9,46.85,27.21,97.6,41.15001032806674,-1.7011078610079808,2,0.4,1,-89.4,-97,7.127411872482185,11.940000000000001,17.97,5.765231998801089,0.186,0.25,0.0817312669668102,0.06999999999999999,0.11,0.03605551275463989,4e-05,0.0001,0.00030000000000000003,0.0006,Regular
2025-08-23 12:15:00,29215289,5843057.8,8153768,1439572.1868208626,14674419,2934883.8,4179126,1230422.9127233855,34,6.8,17,21,4.2,9,52.434000000000005,44.86,93.01,36.7341942881561,-1.6363341976593513,1,0.2,1,-95.2,-109,9.628083921528727,21.276,28.24,6.684753548187098,0.156,0.22,0.04037325847637269,0.07799999999999999,0.11,0.032710854467592254,0.00014000000000000001,0.0004,0.0002,0.0006,Regular
2025-08-23 12:20:00,36191228,7238245.6,9389012,1627332.2700731095,21212512,4242502.4,4773445,645399.0874744091,57,11.4,18,18,3.6,9,35.745999999999995,42.33,60.41,26.134848956900438,-1.7669803536428785,0,0.0,0,-104.4,-111,9.607288899580361,9.98,20.65,7.142464560640115,0.194,0.25,0.041593268686170845,0.11399999999999999,0.13,0.01816590212458495,0.00017999999999999998,0.0003,0.0001,0.0003,Mala
2025-08-23 12:25:00,22126541,4425308.2,9551881,2951533.741032059,13868304,2773660.8,4146804,1008562.7049411454,39,7.8,16,27,5.4,9,37.938,34.11,79.8,32.23857270413813,-1.524873008744299,1,0.2,1,-99.8,-111,8.167006795638168,11.091999999999999,29.95,10.635049130116888,0.11600000000000002,0.25,0.07733045971672482,0.074,0.11,0.027018512172212593,0.00024000000000000003,0.0004,0.00022,0.0004,Mala
2025-08-23 12:30:00,31610194,6322038.8,9247752,2617077.7173104165,10298337,2059667.4,3622951,983296.9297568767,49,9.8,15,31,6.2,9,60.108000000000004,56.7,97.51,25.982891871383373,-1.0985244517391899,0,0.0,0,-89.0,-98,6.519202405202649,13.241999999999999,18.84,6.469383278180386,0.16999999999999998,0.25,0.06892024376045111,0.054000000000000006,0.1,0.02880972058177587,0.00024000000000000003,0.0007,0.00032,0.0005,Regular
2025-08-23 12:35:00,27346346,5469269.2,9934845,3024207.805502079,10050319,2010063.8,4600612,1614890.235816416,68,13.6,19,24,4.8,8,45.866,40.6,90.9,30.468023893912125,-0.869807426416616,0,0.0,0,-92.4,-103,8.734987120768983,23.722,28.74,4.264114210477951,0.144,0.26,0.07797435475847171,0.054000000000000006,0.12,0.04277849927241487,0.00028,0.0004,0.00035999999999999997,0.0006,Regular
2025-08-23 12:40:00,22551137,4510227.4,9896761,3406154.340510541,16612344,3322468.8,4542608,1041257.6587241507,65,13.0,19,12,2.4,4,52.775999999999996,45.48,84.07,28.512464467316747,-1.7634376304820973,0,0.0,0,-104.2,-115,12.214745187681977,10.85,24.23,10.478098587052902,0.12,0.26,0.08860022573334675,0.088,0.12,0.025884358211089566,0.00052,0.0015,8e-05,0.0001,Mala
2025-08-23 12:45:00,27203087,5440617.4,8102173,1843553.1438288675,16872514,3374502.8,4795680,1512578.4197494355,41,8.2,16,22,4.4,9,54.98199999999999,47.76,93.39,32.741811495395304,-1.4578075639982044,2,0.4,1,-97.8,-108,9.28439551074813,15.791999999999998,28.07,9.433375323817028,0.148,0.22,0.05019960159204453,0.09,0.13,0.04183300132670378,0.00016,0.0003,0.00012000000000000002,0.0002,Regular
2025-08-23 12:50:00,26215292,5243058.4,7180142,2228330.2696977616,20371159,4074231.8,4852360,672157.9305094153,44,8.8,16,24,4.8,8,42.412,25.06,87.72,36.88734701764279,-1.729250277029373,0,0.0,0,-98.4,-110,8.61974477580398,24.356,27.96,2.1437887022745508,0.14,0.19,0.05873670062235365,0.10800000000000001,0.13,0.01788854381999832,0.00024000000000000003,0.0005,0.00012000000000000002,0.0002,Regular
2025-08-23 12:55:00,19350722,3870144.4,9704434,3505794.606219152,16671821,3334364.2,4440285,690710.1061778378,54,10.8,18,15,3.0,9,46.676,47.0,55.34,7.366446225962694,-1.27462063504881,0,0.0,0,-97.4,-110,11.696153213770756,11.39,28.87,11.095388681790288,0.10600000000000001,0.26,0.0920869154657707,0.09000000000000001,0.12,0.018708286933869705,0.0004,0.0006,0.0001,0.0003,Mala
2025-08-23 13:00:00,27847758,5569551.6,8795134,3016288.450845393,12948020,2589604.0,4199181,1400479.706339046,63,12.6,18,28,5.6,9,51.605999999999995,59.34,81.52,30.050089517337547,-1.7589416487540073,1,0.2,1,-98.0,-109,7.681145747868608,16.734,28.05,9.307976686691905,0.148,0.23,0.07854934754662193,0.06799999999999999,0.11,0.0363318042491699,0.00030000000000000003,0.0006,0.00032,0.0007,Mala
2025-08-23 13:05:00,29369726,5873945.2,9639483,3090345.4746626145,20614236,4122847.2,4730625,736842.3927032836,44,8.8,13,20,4.0,7,40.465999999999994,39.3,69.57,18.790502388174723,-0.6616691338704213,0,0.0,0,-104.6,-114,7.092249290598859,10.914,20.11,6.1247555053242735,0.156,0.26,0.08443932733033821,0.11000000000000001,0.13,0.02,0.00022,0.0005,0.0001,0.0002,Regular
2025-08-23 13:10:00,16587221,3317444.2,5264694,1496025.7210428235,10957466,2191493.2,3387296,1144644.148656341,54,10.8,18,17,3.4,8,31.101999999999997,23.38,71.23,26.189247220949287,-0.9626186386137672,1,0.2,1,-87.8,-103,9.418067742376884,18.936,22.36,2.928434735485836,0.09,0.14,0.03872983346207417,0.06000000000000001,0.09,0.03082207001484488,0.00044,0.0011,0.00033999999999999997,0.0012,Regular
2025-08-23 13:15:00,26624579,5324915.8,9007407,2763121.6438760343,15804986,3160997.2,4532654,1344927.173433454,50,10.0,15,13,2.6,8,61.626,65.94,90.09,29.21619722003533,-1.7459149666107936,0,0.0,0,-106.2,-113,8.043631020876083,14.324000000000002,25.12,6.46411092107801,0.142,0.24,0.07293833011524188,0.084,0.12,0.035071355833500364,0.00024000000000000003,0.0004,0.00012000000000000002,0.0003,Regular
2025-08-23 13:20:00,30153680,6030736.0,9001482,3380967.3293732814,16729920,3345984.0,4774277,1406049.7670783207,42,8.4,13,34,6.8,9,50.226,44.07,83.48,25.193348923872744,-1.5302719953180437,0,0.0,0,-108.0,-113,3.872983346207417,17.79,25.65,5.748064891770098,0.162,0.24,0.08899438184514795,0.09,0.13,0.03674234614174767,0.00026,0.0006,0.00028000000000000003,0.0007,Regular
2025-08-23 13:25:00,32361971,6472394.2,9234679,2300519.34236548,13331981,2666396.2,4277538,1064525.82156362,80,16.0,19,20,4.0,9,57.984,68.94,83.31,26.18318697179547,-1.2174114154817206,0,0.0,0,-102.6,-115,13.903237033151669,17.832,29.76,9.764833331910998,0.174,0.25,0.06228964600958974,0.06799999999999999,0.11,0.027748873851023214,0.00030000000000000003,0.0006,0.00014,0.0003,Regular
2025-08-23 13:30:00,25184106,5036821.2,8757202,2526468.207272892,8731092,1746218.4,3361509,991645.4059802829,24,4.8,17,18,3.6,8,50.15,39.25,99.3,34.13266543942913,-1.1407076500395148,0,0.0,0,-96.0,-104,8.093207028119323,15.106,26.18,9.492506518301687,0.134,0.23,0.0650384501660364,0.046,0.09,0.027018512172212593,0.00014,0.0006,0.00022,0.0005,Regular
2025-08-23 13:35:00,31856064,6371212.8,7348564,802928.3313258413,9227063,1845412.6,2880932,835061.3382969542,60,12.0,18,29,5.8,9,72.928,80.41,98.9,32.393386207681345,-0.5061533668941949,0,0.0,0,-96.2,-114,12.091319200153473,10.136,21.45,6.6575881518760225,0.17200000000000001,0.2,0.021679483388678797,0.05,0.08,0.024494897427831782,0.00018,0.0003,0.00046,0.001,Mala
2025-08-23 13:40:00,30258079,6051615.8,9480473,2980930.571962923,15316961,3063392.2,3858509,535458.8576022438,64,12.8,19,26,5.2,9,58.58800000000001,59.89,87.28,20.10573475404468,-0.8032672178488256,1,0.2,1,-91.8,-105,10.545141061171254,12.538,21.99,5.565875492678577,0.16199999999999998,0.25,0.07854934754662193,0.082,0.1,0.013038404810405297,0.00024000000000000003,0.0006,0.00015999999999999999,0.0003,Mala
2025-08-23 13:45:00,18782351,3756470.2,6455770,1777174.7137592295,10760191,2152038.2,3310860,893099.090163124,37,7.4,14,20,4.0,7,54.089999999999996,45.61,85.8,19.44234810921767,-0.5392461424992283,1,0.2,1,-99.2,-114,11.713240371477058,12.803999999999998,21.13,6.07147263849554,0.1,0.17,0.045276925690687087,0.057999999999999996,0.09,0.023874672772626643,0.0002,0.0004,0.00023999999999999998,0.0006,Mala
2025-08-23 13:50:00,34510912,6902182.4,9083123,1590624.063240054,19096581,3819316.2,4753486,1058728.2357778128,50,10.0,18,21,4.2,8,65.886,70.46,93.77,26.949915213224696,-0.7882897393106592,0,0.0,0,-93.8,-114,11.691877522451218,9.026,25.63,11.332884893088785,0.182,0.24,0.043243496620879306,0.10200000000000001,0.13,0.027748873851023217,0.00018,0.0004,0.0001,0.0002,Mala
2025-08-23 13:55:00,25180702,5036140.4,8479821,3566492.449401765,9508449,1901689.8,4439311,1471424.4051575332,65,13.0,18,20,4.0,9,53.338,79.05,89.54,41.861536880530316,-1.8164333152927088,1,0.2,1,-106.8,-115,10.207840124139876,14.238,28.1,12.59199229669396,0.134,0.23,0.09555103348473003,0.05,0.12,0.0406201920231798,0.0004,0.0007,0.00026,0.0007,Regular
2025-08-23 14:00:00,33225859,6645171.8,8585153,2498055.0915129352,14971628,2994325.6,4838843,1635088.3597770182,33,6.6,19,17,3.4,9,52.782000000000004,32.94,99.24,33.57860062599393,-1.4969216325004913,1,0.2,1,-96.6,-107,6.5038450166036395,19.428000000000004,25.05,4.619953462969081,0.17600000000000002,0.23,0.06730527468185536,0.08,0.13,0.044721359549995794,0.0001,0.0003,0.00024000000000000003,0.001,Regular
2025-08-23 14:05:00,22010159,4402031.8,8315436,2580386.191877332,18089236,3617847.2,4617923,1389539.367173237,30,6.0,15,19,3.8,7,57.2,69.01,98.02,39.13536508070418,-1.7384444561689716,0,0.0,0,-99.4,-115,12.381437719424994,12.248000000000001,24.05,8.85936623015439,0.11800000000000002,0.22,0.06833739825307955,0.096,0.12,0.03781534080237807,0.00014000000000000001,0.0003,0.00015999999999999999,0.0006,Regular
2025-08-23 14:10:00,28287191,5657438.2,8587768,2740954.575771587,15206892,3041378.4,4780669,1934243.2426546821,47,9.4,16,27,5.4,9,62.85600000000001,62.3,85.45,17.92623998500522,-0.5870318628360498,0,0.0,0,-106.8,-114,6.457553716385176,20.48,25.77,4.264645354540047,0.15,0.23,0.07176350047203663,0.08,0.13,0.051478150704935,0.0002,0.0004,0.00028000000000000003,0.0009,Regular
2025-08-23 14:15:00,17792525,3558505.0,6642264,2154418.5520049254,14329051,2865810.2,4757950,1676809.0459206142,46,9.2,16,26,5.2,9,56.898,59.66,78.02,18.742940537706456,-1.2832266145356708,0,0.0,0,-98.2,-111,10.425929215182693,15.443999999999999,24.03,7.4498946301273286,0.098,0.18,0.05805170109479997,0.076,0.13,0.04722287581247038,0.00048000000000000007,0.0011,0.0002,0.0004,Regular
2025-08-23 14:20:00,25701580,5140316.0,9376430,2582004.8454630175,12574049,2514809.8,3521097,1168223.8991508435,37,7.4,17,19,3.8,8,52.964,64.41,75.97,24.202346580445457,-1.7877648983407206,2,0.4,1,-96.2,-111,12.049896265113654,15.64,27.81,12.946922414226478,0.138,0.25,0.06833739825307955,0.066,0.09,0.028809720581775864,0.00016000000000000004,0.0002,0.00030000000000000003,0.0012,Mala
2025-08-23 14:25:00,39513547,7902709.4,9469872,1476800.3344895004,12063923,2412784.6,4692814,1563630.352686593,37,7.4,12,25,5.0,8,40.436,25.78,85.7,32.27685904793092,-1.4030270848681263,1,0.2,1,-92.0,-114,12.747548783981962,14.624,22.65,7.797132806359014,0.21200000000000002,0.25,0.036331804249169895,0.066,0.13,0.04393176527297759,0.0001,0.0002,0.00038,0.001,Buena
2025-08-23 14:30:00,20394867,4078973.4,9961343,3394397.4658275214,17719948,3543989.6,4560119,1434942.9945432674,37,7.4,14,28,5.6,9,53.028,50.46,93.24,32.60778542004961,-1.1860170347900771,0,0.0,0,-97.0,-114,12.186057606953941,21.476000000000003,26.34,9.145481397936361,0.11000000000000001,0.27,0.09219544457292887,0.094,0.12,0.036469165057620934,0.00031999999999999997,0.0006,0.00026000000000000003,0.0009,Buena
2025-08-23 14:35:00,27703967,5540793.4,9914501,3788355.0458372827,12199606,2439921.2,4521080,1430231.9356592833,35,7.0,15,16,3.2,7,26.874000000000002,29.57,49.21,17.48123079190936,-1.4049980393411745,1,0.2,1,-98.0,-114,14.177446878757825,15.55,21.66,5.531568493655304,0.148,0.26,0.09909591313469997,0.066,0.12,0.03714835124201342,0.0002,0.0004,0.00030000000000000003,0.0012,Regular
2025-08-23 14:40:00,28923398,5784679.6,7436446,1058464.5485236149,16360028,3272005.6,4928690,1455458.7580324288,20,4.0,6,26,5.2,9,39.36,45.51,64.98,24.130623696871165,-1.4871373817042417,0,0.0,0,-93.0,-96,3.9370039370059056,13.440000000000001,25.86,10.142132418776635,0.154,0.2,0.029664793948382655,0.088,0.13,0.037682887362833546,8e-05,0.0001,0.00026000000000000003,0.0008,Regular
2025-08-23 14:45:00,35237386,7047477.2,9929285,3173399.5394282136,11994895,2398979.0,4196176,1498241.6436800174,37,7.4,19,26,5.2,7,59.45,68.06,96.7,37.18207027587356,-1.4763292922816276,0,0.0,0,-102.2,-114,14.11382301150188,13.225999999999999,22.72,7.842625835777198,0.188,0.26,0.08642916174532761,0.06599999999999999,0.11,0.03911521443121589,0.00012000000000000002,0.0002,0.00034,0.0009,Regular
2025-08-23 14:50:00,24971569,4994313.8,8643603,2845525.8703388553,8348392,1669678.4,3556277,1120821.598731618,56,11.2,18,14,2.8,6,39.206,52.53,59.8,24.48465499042206,-1.8108989030217693,0,0.0,0,-101.8,-115,12.617448236470004,9.080000000000002,17.79,7.956858676638664,0.134,0.23,0.07569676347110225,0.044,0.09,0.028809720581775864,0.00028000000000000003,0.0007,0.0002,0.0004,Mala
2025-08-23 14:55:00,25782761,5156552.2,9913742,3133136.3745439965,14375231,2875046.2,4900072,1640823.9741180954,61,12.2,16,22,4.4,8,50.772000000000006,43.63,92.14,27.85627792796446,-0.89828481827788,0,0.0,0,-93.2,-104,10.47377677822093,18.024,29.2,10.945993787683236,0.13599999999999998,0.26,0.08384509526501834,0.078,0.13,0.043243496620879306,0.00036,0.0007,0.00017999999999999998,0.0005,Buena
2025-08-23 15:00:00,22973958,4594791.6,9386180,4241718.662593124,14510185,2902037.0,4923408,1641149.0851440036,46,9.2,19,18,3.6,9,64.502,71.29,90.53,21.716688743913057,-0.926726636668326,0,0.0,0,-100.6,-113,12.817956155331473,15.018,27.25,10.434906324447766,0.12200000000000003,0.25,0.11300442469213318,0.08,0.13,0.042426406871192854,0.00028000000000000003,0.0007,0.00024000000000000003,0.0007,Mala
2025-08-23 15:05:00,24646748,4929349.6,7681134,2802966.2774818214,12899512,2579902.4,4887814,1443672.1718445295,35,7.0,16,15,3.0,6,69.408,69.57,94.86,22.824834501042936,-0.4999380794913191,0,0.0,0,-93.4,-111,11.148990985734988,15.662,26.63,7.2543483511615285,0.12999999999999998,0.2,0.073824115301167,0.068,0.13,0.03834057902536163,0.00017999999999999998,0.0006,0.00016000000000000004,0.0004,Regular
2025-08-23 15:10:00,24295269,4859053.8,9671370,3334367.420797414,14473111,2894622.2,3924328,1349108.964487376,45,9.0,17,17,3.4,7,38.944,30.84,67.87,26.981053166991092,-1.513518356581299,2,0.4,1,-100.0,-108,6.324555320336759,21.604,29.07,8.686960342950806,0.128,0.26,0.09121403400793103,0.078,0.1,0.03492849839314596,0.00026,0.0006,0.0001,0.0002,Regular
2025-08-23 15:15:00,32905238,6581047.6,9774533,2288224.8349493104,17742258,3548451.6,4859879,1752643.4370622279,47,9.4,13,36,7.2,9,49.214000000000006,61.38,74.23,28.000624635889825,-1.021335493152414,0,0.0,0,-95.4,-107,9.396807968666806,19.682,27.08,6.9256025008658995,0.176,0.26,0.06107372593840988,0.094,0.13,0.048270073544588676,0.00016,0.0003,0.00034,0.001,Buena
2025-08-23 15:20:00,40950554,8190110.8,9791689,2054695.0667312413,14363872,2872774.4,4668962,1543710.6906513602,63,12.6,18,30,6.0,8,42.234,37.56,83.99,29.183668892036174,-1.2353690981023076,1,0.2,1,-98.4,-111,10.285912696499032,13.546000000000001,25.5,10.254800339353274,0.21799999999999997,0.26,0.05310367218940702,0.074,0.12,0.03911521443121589,0.0002,0.0004,0.00028000000000000003,0.0008,Regular
2025-08-23 15:25:00,33942623,6788524.6,9291923,2227406.539497516,14771266,2954253.2,4966134,1576434.044563933,23,4.6,9,25,5.0,9,58.25,66.73,92.25,29.98337205852604,-1.0617458948287535,1,0.2,1,-98.0,-106,5.477225575051661,7.95,11.37,3.312333014659003,0.18,0.25,0.059160797830996155,0.076,0.13,0.042190046219457975,8e-05,0.0001,0.0002,0.0004,Mala
2025-08-23 15:30:00,30929493,6185898.6,9112074,2648520.8347539576,15385007,3077001.4,4501070,1162897.1281819385,49,9.8,17,19,3.8,9,42.368,38.88,79.08,33.001890400399795,-1.6632336818916866,0,0.0,0,-104.0,-112,9.617692030835672,15.482,21.63,5.396320042399265,0.16599999999999998,0.24,0.06841052550594828,0.08399999999999999,0.12,0.029664793948382652,0.0002,0.0005,0.00012000000000000002,0.0003,Regular
2025-08-23 15:35:00,21599461,4319892.2,6284958,2031151.4944522725,16754574,3350914.8,4680413,1094068.3292684236,73,14.6,19,23,4.6,8,54.715999999999994,56.33,95.98,37.677084945627094,-1.4815140465964007,1,0.2,1,-91.2,-100,7.854934754662192,15.383999999999997,26.32,10.213056839164267,0.11600000000000002,0.17,0.055497747702046435,0.09,0.12,0.027386127875258303,0.00047999999999999996,0.0011,0.00015999999999999999,0.0003,Regular
2025-08-23 15:40:00,24339760,4867952.0,9060833,3336856.966651178,13211414,2642282.8,4147371,1403803.5259722779,34,6.8,15,31,6.2,9,44.788,53.87,58.75,19.032805100667638,-0.4302147661735547,1,0.2,1,-94.0,-102,7.810249675906654,17.156000000000002,25.64,9.096165675711937,0.128,0.24,0.08786353054595518,0.07,0.11,0.03674234614174767,0.00017999999999999998,0.0003,0.00030000000000000003,0.0006,Buena
2025-08-23 15:45:00,23148175,4629635.0,9525631,3216615.7110928716,12813273,2562654.6,4272763,1381694.0047735968,59,11.8,18,22,4.4,8,36.275999999999996,34.92,62.68,18.011400001110406,-0.8100719817355175,0,0.0,0,-97.6,-102,3.5777087639996634,19.698,26.89,6.554152881952022,0.124,0.25,0.08384509526501834,0.066,0.11,0.03646916505762094,0.00043999999999999996,0.0008,0.0002,0.0004,Regular
2025-08-23 15:50:00,29238278,5847655.6,9910852,2907316.0391362337,16676945,3335389.0,4888087,1570285.0251866698,42,8.4,18,26,5.2,8,47.501999999999995,47.19,98.8,33.415810180212596,-0.8451740669912708,1,0.2,1,-93.8,-103,7.19027120489902,14.09,20.7,5.923774134789408,0.156,0.26,0.0763544366752843,0.09,0.13,0.04183300132670378,0.0002,0.0005,0.00018,0.0003,Regular
2025-08-23 15:55:00,31673455,6334691.0,8817304,2894044.30675249,19030972,3806194.4,4705003,671652.9771599319,61,12.2,16,23,4.6,7,73.236,82.19,99.58,25.197754463443758,-1.0829637222098054,0,0.0,0,-95.8,-107,8.757853618324527,14.080000000000002,25.08,8.675586435509706,0.16999999999999998,0.24,0.07648529270389177,0.10200000000000001,0.13,0.01788854381999832,0.00026000000000000003,0.0006,0.00012000000000000002,0.0002,Regular
2025-08-23 16:00:00,31765539,6353107.8,9351245,2571824.830810936,16516546,3303309.2,4812717,1071781.7228371175,29,5.8,18,16,3.2,5,50.19199999999999,43.26,69.81,17.85648677651906,-1.7873291670495466,0,0.0,0,-90.4,-99,7.334848328356899,10.478,21.27,8.882196800341681,0.16999999999999998,0.25,0.07071067811865477,0.08800000000000001,0.13,0.027748873851023217,6.000000000000001e-05,0.0002,8e-05,0.0002,Mala
2025-08-23 16:05:00,32910586,6582117.2,8490200,1471213.0267045626,15561356,3112271.2,4094058,1383047.850113907,40,8.0,14,16,3.2,9,46.152,59.96,70.88,26.51209855895983,-1.7968695837071893,1,0.2,1,-92.0,-110,11.853269591129697,11.565999999999999,27.08,14.060036628686284,0.176,0.23,0.04159326868617085,0.082,0.11,0.0363318042491699,0.00014000000000000001,0.0002,6.000000000000001e-05,0.0002,Mala
2025-08-23 16:10:00,16619103,3323820.6,5633078,1525755.4205826372,16069181,3213836.2,4730339,1411939.262957582,60,12.0,18,24,4.8,9,72.586,74.37,87.92,12.83322173111647,-0.48460938280280397,0,0.0,0,-102.2,-112,8.378544026261364,17.020000000000003,25.76,8.404245950708487,0.088,0.15,0.04147288270665544,0.088,0.13,0.038987177379235856,0.00042000000000000007,0.0009,0.00018,0.0004,Mala
2025-08-23 16:15:00,28024739,5604947.8,8905477,2986909.7897437746,10573116,2114623.2,4235466,1344156.3042989827,39,7.8,18,34,6.8,9,34.622,32.03,63.82,21.765646555983583,-1.166320041528541,0,0.0,0,-94.0,-105,8.093207028119323,10.984,21.98,9.65600745650085,0.15199999999999997,0.24,0.07854934754662192,0.05600000000000001,0.11,0.03507135583350036,0.00018000000000000004,0.0004,0.00046000000000000007,0.0011,Regular
2025-08-23 16:20:00,34809184,6961836.8,8705092,1858333.7727285968,21022560,4204512.0,4981617,738088.5593175795,42,8.4,18,29,5.8,8,57.29600000000001,63.63,96.53,35.88591896552184,-1.6876427694944665,2,0.4,1,-98.0,-109,10.27131929208707,13.006,24.26,9.396774978682847,0.186,0.23,0.049799598391954934,0.11200000000000002,0.13,0.0204939015319192,0.00014,0.0004,0.00012000000000000002,0.0002,Regular
2025-08-23 16:25:00,31277097,6255419.4,8583354,1722417.8552521162,18554816,3710963.2,4886007,894090.1062103304,57,11.4,14,13,2.6,9,39.19,50.46,60.63,23.09539672748663,-1.7895134448258059,2,0.4,1,-92.6,-104,9.813256340277675,22.762,29.9,10.278874938435626,0.166,0.23,0.04722287581247038,0.1,0.13,0.022360679774997897,0.00017999999999999998,0.0003,7.999999999999999e-05,0.0003,Buena
2025-08-23 16:30:00,30502049,6100409.8,9514716,2596950.3593086256,17498328,3499665.6,4988198,1529803.8172606642,53,10.6,19,18,3.6,9,33.998000000000005,27.21,60.63,23.384085827759016,-1.7353655625927367,1,0.2,1,-95.6,-110,8.44393273303382,13.878,27.98,10.343902551745158,0.162,0.25,0.0697853852894716,0.092,0.13,0.0396232255123179,0.0002,0.0004,0.0001,0.0002,Mala
2025-08-23 16:35:00,23963460,4792692.0,6735193,1751970.8697222965,16603271,3320654.2,4798515,1376152.3199085558,63,12.6,18,8,1.6,5,56.05,65.59,82.91,28.517621745159605,-0.4042655805609212,0,0.0,0,-103.6,-114,11.28273016605467,14.894,23.86,10.760744862694217,0.12799999999999997,0.18,0.045497252664309304,0.09,0.13,0.035355339059327376,0.00030000000000000003,0.0004,6.000000000000001e-05,0.0001,Mala
2025-08-23 16:40:00,43963599,8792719.8,9776957,1124034.1049244013,15905605,3181121.0,4557025,1385068.3581728016,74,14.8,19,26,5.2,9,59.75,63.3,90.3,27.552085220541837,-1.6796644803316525,1,0.2,1,-100.0,-115,16.109003693587013,13.919999999999998,24.88,6.647311486608702,0.23399999999999999,0.26,0.032093613071762436,0.084,0.12,0.036469165057620934,0.00016,0.0002,0.00022,0.0005,Mala
2025-08-23 16:45:00,34678363,6935672.6,9464685,2052355.7232712607,18523171,3704634.2,4374910,661852.02418796,23,4.6,10,21,4.2,9,57.922000000000004,60.4,74.37,13.676423874683033,-1.266850262292074,1,0.2,1,-97.4,-109,9.710818709048171,16.6,26.64,5.848439962930286,0.184,0.25,0.05224940191045253,0.098,0.12,0.019235384061671343,0.0001,0.0002,0.00012000000000000002,0.0002,Regular
2025-08-23 16:50:00,33551191,6710238.2,9514493,2925102.63809079,18027064,3605412.8,4840092,1380229.8666616008,75,15.0,18,25,5.0,9,56.64399999999999,57.86,91.58,26.860089910497322,-1.252197214395874,1,0.2,1,-89.4,-99,6.18869937870632,10.976000000000003,19.01,6.95878796917969,0.178,0.25,0.0775886589650833,0.096,0.13,0.03781534080237808,0.0003200000000000001,0.0008,0.00018,0.0004,Regular
2025-08-23 16:55:00,30252912,6050582.4,9930264,2444152.592688885,10986021,2197204.2,3369729,712033.9205829311,80,16.0,18,10,2.0,8,40.38199999999999,35.0,77.82,33.26158775524704,-1.728864478761474,0,0.0,0,-91.6,-102,6.580273550544841,14.054000000000002,27.73,7.97790260657524,0.16,0.26,0.0632455532033676,0.057999999999999996,0.09,0.019235384061671343,0.00028000000000000003,0.0004,7.999999999999999e-05,0.0003,Regular
2025-08-23 17:00:00,21168859,4233771.8,8367664,2736641.305415582,12955939,2591187.8,4702271,1505768.4670146669,37,7.4,14,34,6.8,9,54.653999999999996,48.15,76.84,17.472607990795193,-1.5956413094640816,0,0.0,0,-94.8,-107,9.782637681116478,10.492,29.19,12.15683223541396,0.11200000000000002,0.22,0.0712039324756716,0.06999999999999999,0.13,0.040620192023179805,0.00028,0.0007,0.00038,0.0009,Mala
2025-08-23 17:05:00,34009471,6801894.2,9888923,2996668.635404772,17635908,3527181.6,4542879,1221324.614950014,61,12.2,19,27,5.4,8,48.754000000000005,44.17,93.8,30.124698006785064,-0.9566345329547778,0,0.0,0,-96.2,-108,7.886697661252141,19.381999999999998,27.63,10.651390519551896,0.18,0.26,0.07842193570679061,0.096,0.12,0.03049590136395381,0.00022,0.0004,0.00017999999999999998,0.0003,Regular
2025-08-23 17:10:00,30189272,6037854.4,8374592,2662881.746834208,7641964,1528392.8,2256124,581939.8032444593,55,11.0,16,25,5.0,8,47.832,40.89,97.09,31.539608748365918,-0.5476409484709781,0,0.0,0,-89.0,-105,9.300537618869138,8.586,13.8,5.250088570681451,0.15999999999999998,0.22,0.06892024376045111,0.042,0.06,0.014832396974191326,0.00022,0.0005,0.00042000000000000007,0.0011,Mala
2025-08-23 17:15:00,28155272,5631054.4,7671318,2614671.270057347,14210779,2842155.8,4754849,1507192.2071397197,41,8.2,18,19,3.8,8,54.862,47.92,99.79,30.31979584363984,-0.9349896948139556,0,0.0,0,-96.0,-104,7.416198487095663,8.808,17.7,7.855951247302901,0.148,0.2,0.06833739825307955,0.078,0.13,0.0408656334834051,0.00014,0.0002,0.00022,0.0006,Mala
2025-08-23 17:20:00,27218481,5443696.2,9900019,4118867.356546846,15099193,3019838.6,4012664,1200186.3841942635,69,13.8,17,22,4.4,8,46.824,43.07,88.91,26.316885834003994,-0.36280061755419934,2,0.4,1,-97.6,-114,10.644247272588137,16.369999999999997,29.84,10.722056705688512,0.144,0.26,0.10737783756436893,0.08199999999999999,0.11,0.03420526275297414,0.00046,0.0011,0.00018,0.0005,Regular
2025-08-23 17:25:00,21573066,4314613.2,7304680,2068115.5850971434,15937212,3187442.4,4360562,916823.3661271946,46,9.2,15,20,4.0,7,54.876,66.58,82.3,27.631974775610956,-0.6545717599039613,0,0.0,0,-98.0,-112,8.803408430829505,14.386000000000001,25.15,7.579019065815839,0.11400000000000002,0.19,0.05412947441089744,0.08600000000000001,0.12,0.02701851217221259,0.00026,0.0005,0.0001,0.0002,Mala
2025-08-23 17:30:00,25111913,5022382.6,9104010,2592709.019437353,11219342,2243868.4,3743087,1162631.9506943286,27,5.4,14,29,5.8,8,65.28,66.63,95.68,32.01501366546639,-1.1995427475401879,1,0.2,1,-100.4,-114,12.218837915284743,20.849999999999998,29.95,12.093545799309647,0.132,0.24,0.06833739825307955,0.062,0.1,0.030331501776206204,0.00014000000000000001,0.0005,0.0003200000000000001,0.0005,Regular
2025-08-23 17:35:00,28681324,5736264.8,9369066,3010577.578205003,12959007,2591801.4,4211584,1084874.641912742,65,13.0,18,10,2.0,5,43.948,43.14,62.17,18.49932079834284,-1.1143983588142918,0,0.0,0,-98.4,-106,10.21273714534943,17.759999999999998,29.08,7.362594651344049,0.154,0.25,0.08080841540334768,0.06999999999999999,0.11,0.026457513110645908,0.0003200000000000001,0.0008,6.000000000000001e-05,0.0002,Regular
2025-08-23 17:40:00,25536658,5107331.6,7231219,2077026.1141684763,10376509,2075301.8,4146259,1231102.620701337,17,3.4,6,20,4.0,9,34.566,24.84,74.76,25.220457569203617,-0.6872864187726879,0,0.0,0,-102.0,-113,12.24744871391589,11.325999999999999,21.72,9.079153594911807,0.13599999999999998,0.19,0.055946402922797456,0.05399999999999999,0.11,0.03361547262794322,4e-05,0.0001,0.00023999999999999998,0.0006,Mala
2025-08-23 17:45:00,28342199,5668439.8,9408424,3672989.749599187,13125405,2625081.0,3595010,977135.0316066864,34,6.8,14,28,5.6,9,60.895999999999994,59.81,87.83,17.82755395448293,-0.49419543835474444,1,0.2,1,-96.2,-105,7.19027120489902,12.824000000000002,23.63,9.509867506963491,0.15,0.25,0.09924716620639605,0.072,0.1,0.025884358211089573,0.00031999999999999997,0.0009,0.00032,0.0009,Mala
2025-08-23 17:50:00,26918445,5383689.0,8022336,1828078.6636574203,11221682,2244336.4,4501412,1489405.8959381422,26,5.2,8,17,3.4,8,60.034000000000006,58.76,91.26,30.409099460523326,-0.7168257403455538,0,0.0,0,-98.6,-106,4.9295030175464944,16.479999999999997,23.53,8.213601524301017,0.144,0.21,0.04669047011971501,0.05800000000000001,0.12,0.039623225512317894,0.00012000000000000002,0.0002,0.00017999999999999998,0.0006,Regular
2025-08-23 17:55:00,34061753,6812350.6,9652831,2318891.6683599735,13851949,2770389.8,4757341,1849896.4244395415,21,4.2,8,35,7.0,9,31.986,33.15,46.11,12.763278575663856,-1.7078965967258506,1,0.2,1,-100.6,-112,12.0124934963562,9.412,22.97,9.056761010427513,0.18,0.26,0.06324555320336758,0.074,0.13,0.04827007354458868,6.000000000000001e-05,0.0001,0.0005,0.0011,Mala
2025-08-23 18:00:00,33788634,6757726.8,9976973,2327021.46793142,9667775,1933555.0,2751401,611028.963786906,35,7.0,13,31,6.2,9,61.196000000000005,61.59,94.26,30.37663460622325,-0.5031341238696014,1,0.2,1,-97.2,-108,12.070625501605127,21.054000000000002,27.35,4.810917791856353,0.182,0.27,0.06300793600809347,0.05,0.07,0.0158113883008419,0.00016000000000000004,0.0004,0.00036,0.0008,Regular
2025-08-23 18:05:00,17704429,3540885.8,5092097,1523926.1806510512,14682747,2936549.4,4653585,1205064.2455107113,34,6.8,13,14,2.8,6,59.040000000000006,64.86,83.72,29.50548423598569,-0.7771482591924417,1,0.2,1,-96.6,-108,9.016651263079881,17.042,29.52,13.230830283848404,0.096,0.14,0.0403732584763727,0.078,0.12,0.030331501776206204,0.00024000000000000003,0.0006,0.0001,0.0002,Regular
2025-08-23 18:10:00,29767117,5953423.4,7094467,1019934.0798808029,9620946,1924189.2,3043788,707272.9634301031,55,11.0,18,28,5.6,9,62.016,79.43,94.38,35.42233095096934,-1.6663616850056824,0,0.0,0,-94.6,-110,11.653325705565772,15.122,23.23,8.370060931677857,0.16,0.19,0.02645751311064591,0.05,0.08,0.01870828693386971,0.0002,0.0003,0.00035999999999999997,0.0007,Regular
2025-08-23 18:15:00,32312669,6462533.8,9370262,2396587.483951233,13128441,2625688.2,3937172,916897.2409150875,44,8.8,16,27,5.4,9,49.004000000000005,43.52,97.24,36.44902508984294,-1.4188026594291037,0,0.0,0,-109.8,-114,5.310367218940701,16.344,26.74,8.916105091350145,0.174,0.25,0.06426507605223851,0.068,0.1,0.02280350850198276,0.00017999999999999998,0.0004,0.00028000000000000003,0.0006,Regular
2025-08-23 18:20:00,21742865,4348573.0,7878974,2949750.1227744697,16731508,3346301.6,4919323,1549087.1301609538,31,6.2,15,31,6.2,9,65.54,60.16,93.91,17.2950585428324,-0.5047362808178102,0,0.0,0,-92.8,-101,7.362064927722384,13.813999999999998,24.61,7.831553485739595,0.118,0.21,0.07854934754662192,0.09,0.13,0.040620192023179805,0.00026,0.0008,0.00024000000000000003,0.0005,Mala
2025-08-23 18:25:00,35178197,7035639.4,9860935,3339715.620397536,10354296,2070859.2,3021279,686314.7318932473,34,6.8,14,34,6.8,8,59.16799999999999,81.92,98.34,45.231607532786185,-1.7942879179503974,0,0.0,0,-94.2,-109,10.63954886261631,14.580000000000002,21.93,5.5653122104694175,0.186,0.26,0.08961026726887941,0.05600000000000001,0.08,0.01816590212458495,0.00012000000000000002,0.0004,0.00036,0.0005,Regular
2025-08-23 18:30:00,21846190,4369238.0,8021855,2363671.9760095733,13109979,2621995.8,4596392,1401173.6656034826,34,6.8,13,20,4.0,9,48.906,46.79,82.37,25.998748623731878,-1.360085766948191,2,0.4,1,-99.0,-110,11.357816691600547,15.66,25.94,9.190394442024783,0.11600000000000002,0.21,0.06188699378706321,0.072,0.12,0.03492849839314596,0.0002,0.0004,0.00016,0.0005,Regular
2025-08-23 18:35:00,31797222,6359444.4,9997354,3848999.8595644687,14265669,2853133.8,4914473,1668292.2934002604,54,10.8,18,19,3.8,9,49.092,41.41,90.73,29.72645993050636,-0.8656758478291624,1,0.2,1,-90.6,-98,5.813776741499453,14.398000000000001,22.69,7.895661466907001,0.16999999999999998,0.27,0.10295630140987,0.076,0.13,0.04505552130427524,0.00026000000000000003,0.0005,0.00028000000000000003,0.0011,Mala
2025-08-23 18:40:00,23883057,4776611.4,8750575,3085618.243654633,17224488,3444897.6,4423227,892023.1511296666,55,11.0,18,20,4.0,8,49.726,47.04,83.5,33.343325119129915,-1.6205365341571407,1,0.2,1,-101.4,-115,9.235799911215056,19.4,27.15,8.16785161471485,0.126,0.23,0.0808084154033477,0.094,0.12,0.024083189157584586,0.00046,0.0011,0.00012000000000000002,0.0003,Regular
2025-08-23 18:45:00,26336898,5267379.6,8229039,2517047.980579095,14737472,2947494.4,4064375,1029465.302366379,75,15.0,19,18,3.6,9,64.30799999999999,60.86,83.46,18.468208359231816,-1.2412094094144206,0,0.0,0,-98.4,-109,8.384509526501834,15.416000000000002,28.86,9.574169937911066,0.14,0.22,0.066332495807108,0.07999999999999999,0.11,0.029154759474226504,0.00034,0.0006,0.00017999999999999998,0.0006,Regular
2025-08-23 18:50:00,35366083,7073216.6,9790529,2176485.293954292,14874971,2974994.2,4605223,1138054.358439086,66,13.2,19,30,6.0,9,69.34200000000001,64.99,96.0,19.45675255534695,-1.015697187797442,0,0.0,0,-91.4,-105,10.014988766843427,13.443999999999999,29.44,9.686386323082516,0.188,0.26,0.05890670590009257,0.08,0.12,0.029154759474226497,0.00022,0.0004,0.00022,0.0004,Mala
