timestamp;ifInOctets;ifOutOctets;ifInErrors;ifOutErrors;latencia_ms;perdida_paquetes;RSRP_dBm;SINR_dB;BW_in_Mbps;BW_out_Mbps;TasaErrorIn_%;TasaErrorOut_%;CalidadSenal
23/8/2025 2:15;3120156;827726;1;0;8.18;0;-89;12.23;0.08;0.02;0.0;0.0;Regular
23/8/2025 2:16;4291575;1494630;1;1;9.58;0;-83;22.49;0.11;0.04;0.0;0.0001;Buena
23/8/2025 2:17;9931946;1994334;7;3;37.56;0;-102;20.12;0.26;0.05;0.0001;0.0002;Regular
23/8/2025 2:18;9066853;2500175;6;3;7.14;0;-100;5.48;0.24;0.07;0.0001;0.0001;Mala
23/8/2025 2:19;4344369;1376057;8;3;16.64;0;-90;6.88;0.12;0.04;0.0002;0.0002;Mala
23/8/2025 2:20;9182591;4305969;2;3;8.09;0;-96;16.66;0.24;0.11;0.0;0.0001;Regular
23/8/2025 2:21;8080399;4393211;0;3;24.57;0;-88;10.11;0.22;0.12;0.0;0.0001;Regular
23/8/2025 2:22;9577392;1312373;7;3;41.22;0;-87;1.74;0.26;0.03;0.0001;0.0002;Mala
23/8/2025 2:23;6405782;3303955;7;3;37.25;0;-94;5.8;0.17;0.09;0.0001;0.0001;Mala
23/8/2025 2:24;3683257;4336496;4;0;6.31;1;-99;10.37;0.1;0.12;0.0001;0.0;Regular
23/8/2025 2:25;4025252;4532418;7;0;31.8;0;-92;15.26;0.11;0.12;0.0002;0.0;Regular
23/8/2025 2:26;6994023;3584529;4;3;49.37;0;-103;19.11;0.19;0.1;0.0001;0.0001;Regular
23/8/2025 2:27;8098490;3787672;8;0;6.22;0;-91;19.75;0.22;0.1;0.0001;0.0;Regular
23/8/2025 2:28;5487091;4325564;3;1;20.76;0;-88;23.71;0.15;0.12;0.0001;0.0;Buena
23/8/2025 2:29;9817208;2317342;0;4;33.0;0;-99;23.84;0.26;0.06;0.0;0.0002;Regular
23/8/2025 2:30;8838303;900508;0;3;44.78;0;-99;5.41;0.24;0.02;0.0;0.0003;Mala
23/8/2025 2:31;1659662;3539367;2;0;7.06;0;-99;19.04;0.04;0.09;0.0001;0.0;Regular
23/8/2025 2:32;3753457;3166453;9;1;32.15;0;-84;9.75;0.1;0.08;0.0002;0.0;Mala
23/8/2025 2:33;9529870;1474405;8;4;11.99;0;-93;25.62;0.25;0.04;0.0001;0.0003;Buena
23/8/2025 2:34;8749028;2666575;4;1;46.04;1;-109;18.55;0.23;0.07;0.0;0.0;Regular
23/8/2025 2:35;7423388;2508960;7;6;82.42;0;-93;23.02;0.2;0.07;0.0001;0.0002;Buena
23/8/2025 2:36;7550634;4955214;10;7;78.91;0;-110;27.8;0.2;0.13;0.0001;0.0001;Regular
23/8/2025 2:37;5304572;587955;0;1;77.28;0;-103;14.51;0.14;0.02;0.0;0.0002;Regular
23/8/2025 2:38;3234489;4316446;12;6;22.83;0;-93;9.47;0.09;0.12;0.0004;0.0001;Mala
23/8/2025 2:39;8204212;3876513;18;1;13.4;0;-107;23.67;0.22;0.1;0.0002;0.0;Regular
23/8/2025 2:40;5472471;2437878;2;1;71.4;0;-99;20.45;0.15;0.07;0.0;0.0;Regular
23/8/2025 2:41;5523669;4902294;16;7;39.99;0;-114;26.66;0.15;0.13;0.0003;0.0001;Regular
23/8/2025 2:42;8404852;2585259;4;1;46.07;0;-97;20.78;0.22;0.07;0.0;0.0;Regular
23/8/2025 2:43;5981505;2975539;19;8;7.96;0;-97;7.31;0.16;0.08;0.0003;0.0003;Mala
23/8/2025 2:44;2766891;2205215;7;0;29.66;0;-109;27.95;0.07;0.06;0.0003;0.0;Regular
23/8/2025 2:45;5521373;2989569;13;8;8.2;0;-96;3.15;0.15;0.08;0.0002;0.0003;Mala
23/8/2025 2:46;7019877;3766402;3;0;88.52;0;-107;8.04;0.19;0.1;0.0;0.0;Mala
23/8/2025 2:47;4344769;2483851;10;9;28.12;0;-99;15.61;0.12;0.07;0.0002;0.0004;Regular
23/8/2025 2:48;1103355;4608880;19;9;57.95;0;-89;16.97;0.03;0.12;0.0017;0.0002;Regular
23/8/2025 2:49;2262752;4761946;14;1;8.7;0;-114;0.46;0.06;0.13;0.0006;0.0;Mala
23/8/2025 2:50;6664789;590093;18;5;68.35;0;-97;23.42;0.18;0.02;0.0003;0.0008;Regular
23/8/2025 2:51;6743066;2056182;6;5;35.69;0;-99;10.85;0.18;0.05;0.0001;0.0002;Regular
23/8/2025 2:52;7113790;4911519;18;0;90.3;0;-111;12.19;0.19;0.13;0.0003;0.0;Regular
23/8/2025 2:53;5721339;2503679;18;6;89.37;0;-98;24.28;0.15;0.07;0.0003;0.0002;Regular
23/8/2025 2:54;4275709;2232465;10;7;35.9;0;-109;11.38;0.11;0.06;0.0002;0.0003;Regular
23/8/2025 2:55;1084654;4730258;4;1;90.59;0;-99;1.42;0.03;0.13;0.0004;0.0;Mala
23/8/2025 2:56;6147581;3673584;4;7;99.63;0;-112;5.29;0.16;0.1;0.0001;0.0002;Mala
23/8/2025 2:57;2954354;3156807;7;8;83.41;0;-91;28.68;0.08;0.08;0.0002;0.0003;Buena
23/8/2025 2:58;9242680;3359244;9;5;85.26;0;-111;2.11;0.25;0.09;0.0001;0.0001;Mala
23/8/2025 2:59;3428388;1386040;5;4;28.66;0;-86;10.65;0.09;0.04;0.0001;0.0003;Regular
23/8/2025 3:00;9916786;822918;14;8;59.79;0;-104;15.1;0.26;0.02;0.0001;0.001;Regular
23/8/2025 3:01;3663046;3438613;15;8;11.39;0;-112;14.8;0.1;0.09;0.0004;0.0002;Regular
23/8/2025 3:02;6499720;2745909;16;0;14.02;0;-92;0.12;0.17;0.07;0.0002;0.0;Mala
23/8/2025 3:03;7640913;4562442;7;2;99.89;0;-87;15.03;0.2;0.12;0.0001;0.0;Regular
23/8/2025 3:04;4416664;616739;7;8;36.03;0;-107;11.51;0.12;0.02;0.0002;0.0013;Regular
23/8/2025 3:05;4385659;1786585;8;1;76.08;0;-112;29.16;0.12;0.05;0.0002;0.0001;Regular
23/8/2025 3:06;4385357;1280316;1;3;81.63;0;-92;4.77;0.12;0.03;0.0;0.0002;Mala
23/8/2025 3:07;2465689;4034550;14;3;86.51;1;-102;10.62;0.07;0.11;0.0006;0.0001;Regular
23/8/2025 3:08;1068148;3989866;17;1;99.77;0;-111;12.58;0.03;0.11;0.0016;0.0;Regular
23/8/2025 3:09;2825665;1866853;2;2;27.94;0;-98;11.72;0.08;0.05;0.0001;0.0001;Regular
23/8/2025 3:10;3745683;1514929;16;2;8.83;0;-97;19.97;0.1;0.04;0.0004;0.0001;Regular
23/8/2025 3:11;5056518;2066847;3;0;44.06;0;-104;6.47;0.13;0.06;0.0001;0.0;Mala
23/8/2025 3:12;3669995;2920564;3;5;17.36;0;-98;6.63;0.1;0.08;0.0001;0.0002;Mala
23/8/2025 3:13;5997895;3082569;13;7;7.13;0;-99;21.88;0.16;0.08;0.0002;0.0002;Regular
23/8/2025 3:14;7397986;1980035;8;2;39.24;0;-86;15.01;0.2;0.05;0.0001;0.0001;Regular
23/8/2025 3:15;2870928;688456;8;4;79.46;1;-92;12.45;0.08;0.02;0.0003;0.0006;Regular
23/8/2025 3:16;5155299;3153093;17;0;58.79;0;-105;5.08;0.14;0.08;0.0003;0.0;Mala
23/8/2025 3:17;7249859;3803457;9;9;34.71;0;-81;5.63;0.19;0.1;0.0001;0.0002;Mala
23/8/2025 3:18;3305413;4585412;3;6;67.16;0;-93;0.32;0.09;0.12;0.0001;0.0001;Mala
23/8/2025 3:19;4910197;4922808;11;9;27.04;0;-99;2.74;0.13;0.13;0.0002;0.0002;Mala
23/8/2025 3:20;6558019;1216756;7;0;6.37;0;-115;16.71;0.17;0.03;0.0001;0.0;Regular
23/8/2025 3:21;6414709;551226;1;8;77.61;0;-101;26.76;0.17;0.01;0.0;0.0015;Regular
23/8/2025 3:22;1271836;4251198;12;7;64.26;0;-84;8.61;0.03;0.11;0.0009;0.0002;Mala
23/8/2025 3:23;4584702;4121509;15;6;77.42;0;-107;9.83;0.12;0.11;0.0003;0.0001;Mala
23/8/2025 3:24;8281369;3638145;1;9;8.7;0;-101;3.47;0.22;0.1;0.0;0.0002;Mala
23/8/2025 3:25;3299435;4397611;10;6;84.53;1;-88;11.66;0.09;0.12;0.0003;0.0001;Regular
23/8/2025 3:26;9585377;1726476;9;4;63.85;0;-92;1.12;0.26;0.05;0.0001;0.0002;Mala
23/8/2025 3:27;3658505;4684056;14;4;58.52;1;-81;27.53;0.1;0.12;0.0004;0.0001;Buena
23/8/2025 3:28;2271741;1072212;16;4;64.34;0;-94;20.19;0.06;0.03;0.0007;0.0004;Buena
23/8/2025 3:29;4769315;4918441;7;0;87.12;0;-89;29.72;0.13;0.13;0.0001;0.0;Buena
23/8/2025 3:30;2046797;2000844;17;7;60.76;0;-97;26.48;0.05;0.05;0.0008;0.0003;Regular
23/8/2025 3:31;4047262;1429168;8;0;60.19;0;-104;14.19;0.11;0.04;0.0002;0.0;Regular
23/8/2025 3:32;1564685;3943609;7;3;99.11;0;-96;15.59;0.04;0.11;0.0004;0.0001;Regular
23/8/2025 3:33;3879190;863476;13;8;76.89;0;-115;5.72;0.1;0.02;0.0003;0.0009;Mala
23/8/2025 3:34;6596411;1900283;17;8;47.02;0;-95;13.86;0.18;0.05;0.0003;0.0004;Regular
23/8/2025 3:35;2007293;1191757;19;4;72.2;0;-115;27.09;0.05;0.03;0.0009;0.0003;Regular
23/8/2025 3:36;5774183;890719;19;3;41.98;0;-106;1.53;0.15;0.02;0.0003;0.0003;Mala
23/8/2025 3:37;4366612;2027937;11;2;26.74;0;-84;25.91;0.12;0.05;0.0003;0.0001;Buena
23/8/2025 3:38;9411855;1649947;18;2;61.7;0;-94;10.23;0.25;0.04;0.0002;0.0001;Regular
23/8/2025 3:39;6267180;3837920;13;4;93.18;0;-98;26.99;0.17;0.1;0.0002;0.0001;Regular
23/8/2025 3:40;8807313;3796050;16;9;93.27;0;-84;28.23;0.23;0.1;0.0002;0.0002;Buena
23/8/2025 3:41;3704238;2618324;2;0;37.48;0;-89;20.13;0.1;0.07;0.0001;0.0;Buena
23/8/2025 3:42;3630708;3178932;6;4;55.13;1;-88;19.93;0.1;0.08;0.0002;0.0001;Regular
23/8/2025 3:43;4494679;1376031;16;5;25.11;0;-98;13.58;0.12;0.04;0.0004;0.0004;Regular
23/8/2025 3:44;6517209;1770896;11;6;99.58;0;-87;25.07;0.17;0.05;0.0002;0.0003;Buena
23/8/2025 3:45;2767640;4063706;8;8;98.21;0;-98;28.85;0.07;0.11;0.0003;0.0002;Regular
23/8/2025 3:46;7723771;1559622;14;2;66.7;0;-108;23.25;0.21;0.04;0.0002;0.0001;Regular
23/8/2025 3:47;2285160;4922375;17;1;81.42;0;-85;18.66;0.06;0.13;0.0007;0.0;Regular
23/8/2025 3:48;7080526;878165;12;2;72.93;0;-82;18.2;0.19;0.02;0.0002;0.0002;Regular
23/8/2025 3:49;6173036;1208662;7;8;61.35;0;-109;25.48;0.16;0.03;0.0001;0.0007;Regular
23/8/2025 3:50;2425472;4631479;13;6;10.07;0;-98;16.24;0.06;0.12;0.0005;0.0001;Regular
23/8/2025 3:51;1048984;1512117;7;8;48.2;0;-107;24.12;0.03;0.04;0.0007;0.0005;Regular
23/8/2025 3:52;7556168;1145188;13;1;69.1;0;-107;15.27;0.2;0.03;0.0002;0.0001;Regular
23/8/2025 3:53;2504384;915008;6;4;69.37;0;-108;1.87;0.07;0.02;0.0002;0.0004;Mala
23/8/2025 3:54;3230919;2131993;11;3;40.45;1;-81;11.52;0.09;0.06;0.0003;0.0001;Regular
23/8/2025 3:55;7940119;3851278;10;1;94.46;0;-98;13.33;0.21;0.1;0.0001;0.0;Regular
23/8/2025 3:56;2737095;2842035;10;8;20.9;0;-111;4.25;0.07;0.08;0.0004;0.0003;Mala
23/8/2025 3:57;5780450;3268362;12;8;52.53;0;-102;3.07;0.15;0.09;0.0002;0.0002;Mala
23/8/2025 3:58;8469344;3526768;17;5;70.63;0;-88;16.06;0.23;0.09;0.0002;0.0001;Regular
23/8/2025 3:59;3109818;1670365;1;5;71.23;1;-86;2.55;0.08;0.04;0.0;0.0003;Mala
23/8/2025 4:00;3231785;1179418;14;7;66.62;0;-112;9.09;0.09;0.03;0.0004;0.0006;Mala
23/8/2025 4:01;4853339;2111754;19;5;31.15;0;-96;22.34;0.13;0.06;0.0004;0.0002;Regular
23/8/2025 4:02;1996107;1614593;17;0;19.84;0;-91;28.93;0.05;0.04;0.0009;0.0;Buena
23/8/2025 4:03;8130144;1726952;14;3;65.41;0;-88;21.54;0.22;0.05;0.0002;0.0002;Buena
23/8/2025 4:04;5545583;3221864;18;6;61.93;0;-104;29.78;0.15;0.09;0.0003;0.0002;Regular
23/8/2025 4:05;4747389;4447208;11;1;22.04;0;-114;20.95;0.13;0.12;0.0002;0.0;Regular
23/8/2025 4:06;5142807;3438496;12;8;71.99;1;-102;8.81;0.14;0.09;0.0002;0.0002;Mala
23/8/2025 4:07;8988004;4375754;10;7;48.24;0;-94;20.16;0.24;0.12;0.0001;0.0002;Buena
23/8/2025 4:08;7245035;3204999;4;7;68.44;0;-85;21.06;0.19;0.09;0.0001;0.0002;Buena
23/8/2025 4:09;4602279;3494200;0;6;84.55;0;-93;11.15;0.12;0.09;0.0;0.0002;Regular
23/8/2025 4:10;6515989;1824070;2;3;21.12;0;-96;0.53;0.17;0.05;0.0;0.0002;Mala
23/8/2025 4:11;3121690;3690914;18;1;6.82;0;-112;21.1;0.08;0.1;0.0006;0.0;Regular
23/8/2025 4:12;1491234;3024388;6;2;79.01;0;-101;0.65;0.04;0.08;0.0004;0.0001;Mala
23/8/2025 4:13;6401218;2158987;11;5;62.92;0;-92;18.94;0.17;0.06;0.0002;0.0002;Regular
23/8/2025 4:14;7914550;4376274;14;4;71.47;0;-91;4.91;0.21;0.12;0.0002;0.0001;Mala
23/8/2025 4:15;7167294;3337981;4;7;84.62;0;-115;16.97;0.19;0.09;0.0001;0.0002;Regular
23/8/2025 4:16;7906726;2161793;14;5;81.27;0;-109;15.12;0.21;0.06;0.0002;0.0002;Regular
23/8/2025 4:17;6888794;1116036;7;5;96.29;0;-85;0.41;0.18;0.03;0.0001;0.0004;Mala
23/8/2025 4:18;8558158;3891418;9;0;55.91;0;-104;10.89;0.23;0.1;0.0001;0.0;Regular
23/8/2025 4:19;7510425;928988;15;3;51.41;0;-111;18.03;0.2;0.02;0.0002;0.0003;Regular
23/8/2025 4:20;9511017;4584752;7;4;43.18;0;-104;25.46;0.25;0.12;0.0001;0.0001;Regular
23/8/2025 4:21;8887739;4874857;0;2;19.6;0;-98;26.66;0.24;0.13;0.0;0.0;Regular
23/8/2025 4:22;1769598;3477590;11;8;59.4;0;-114;14.52;0.05;0.09;0.0006;0.0002;Regular
23/8/2025 4:23;6292895;3797291;4;0;31.32;1;-106;21.85;0.17;0.1;0.0001;0.0;Regular
23/8/2025 4:24;8971379;4302429;2;5;92.52;0;-101;9.49;0.24;0.11;0.0;0.0001;Mala
23/8/2025 4:25;4331068;2990706;0;5;60.4;0;-86;10.27;0.12;0.08;0.0;0.0002;Regular
23/8/2025 4:26;4256415;1691902;3;9;61.32;0;-99;5.83;0.11;0.05;0.0001;0.0005;Mala
23/8/2025 4:27;1874371;2992118;7;4;38.72;0;-112;16.86;0.05;0.08;0.0004;0.0001;Regular
23/8/2025 4:28;6654237;4237973;2;4;9.94;0;-109;9.44;0.18;0.11;0.0;0.0001;Mala
23/8/2025 4:29;1973548;2702575;9;9;8.02;1;-85;2.53;0.05;0.07;0.0005;0.0003;Mala
23/8/2025 4:30;4344014;964071;1;4;45.22;0;-82;20.55;0.12;0.03;0.0;0.0004;Buena
23/8/2025 4:31;8064746;4881137;10;5;13.03;1;-110;21.23;0.22;0.13;0.0001;0.0001;Regular
23/8/2025 4:32;7216204;1275435;9;7;62.65;1;-82;10.8;0.19;0.03;0.0001;0.0005;Regular
23/8/2025 4:33;6193542;2674606;13;1;88.69;0;-101;2.3;0.17;0.07;0.0002;0.0;Mala
23/8/2025 4:34;3959034;3998472;6;5;88.88;0;-102;12.79;0.11;0.11;0.0002;0.0001;Regular
23/8/2025 4:35;5574293;3506316;1;0;67.61;0;-110;13.27;0.15;0.09;0.0;0.0;Regular
23/8/2025 4:36;7706971;2064718;8;3;25.07;0;-84;20.06;0.21;0.06;0.0001;0.0001;Buena
23/8/2025 4:37;1043585;2634793;15;9;86.98;0;-113;9.46;0.03;0.07;0.0014;0.0003;Mala
23/8/2025 4:38;3539448;2102575;12;2;89.18;0;-113;20.48;0.09;0.06;0.0003;0.0001;Regular
23/8/2025 4:39;1109556;4313270;8;8;23.68;0;-94;26.14;0.03;0.12;0.0007;0.0002;Buena
23/8/2025 4:40;2575557;2878837;19;2;75.06;0;-94;7.12;0.07;0.08;0.0007;0.0001;Mala
23/8/2025 4:41;9306461;2024102;3;5;32.22;0;-106;29.37;0.25;0.05;0.0;0.0002;Regular
23/8/2025 4:42;3009021;3690541;9;0;81.25;0;-113;11.59;0.08;0.1;0.0003;0.0;Regular
23/8/2025 4:43;2201482;1164180;11;5;99.74;0;-104;8.02;0.06;0.03;0.0005;0.0004;Mala
23/8/2025 4:44;1542335;2883366;16;3;7.85;0;-87;12.65;0.04;0.08;0.001;0.0001;Regular
23/8/2025 4:45;5270070;2535848;13;7;90.25;0;-99;2.83;0.14;0.07;0.0002;0.0003;Mala
23/8/2025 4:46;7700379;2939855;13;8;64.15;0;-109;3.77;0.21;0.08;0.0002;0.0003;Mala
23/8/2025 4:47;4560920;704615;1;3;97.47;0;-103;12.43;0.12;0.02;0.0;0.0004;Regular
23/8/2025 4:48;7860006;2025233;19;9;49.18;0;-114;22.87;0.21;0.05;0.0002;0.0004;Regular
23/8/2025 4:49;3484413;4396022;10;9;85.5;0;-112;27.01;0.09;0.12;0.0003;0.0002;Regular
23/8/2025 4:50;3907360;2303740;15;5;10.93;0;-106;19.94;0.1;0.06;0.0004;0.0002;Regular
23/8/2025 4:51;6895544;4468222;18;0;36.85;0;-92;3.16;0.18;0.12;0.0003;0.0;Mala
23/8/2025 4:52;6697469;3568893;5;3;11.37;0;-99;20.16;0.18;0.1;0.0001;0.0001;Regular
23/8/2025 4:53;3235000;1338003;18;6;97.66;0;-110;19.06;0.09;0.04;0.0006;0.0004;Regular
23/8/2025 4:54;7908531;3933382;4;0;82.61;0;-97;24.17;0.21;0.1;0.0001;0.0;Regular
23/8/2025 4:55;5322252;781570;3;7;85.99;0;-111;24.76;0.14;0.02;0.0001;0.0009;Regular
23/8/2025 4:56;6822184;3682993;14;9;94.11;0;-84;26.05;0.18;0.1;0.0002;0.0002;Buena
23/8/2025 4:57;1402690;4581082;3;5;13.08;0;-106;12.42;0.04;0.12;0.0002;0.0001;Regular
23/8/2025 4:58;3548421;3895049;19;4;41.63;0;-107;20.94;0.09;0.1;0.0005;0.0001;Regular
23/8/2025 4:59;2954109;566150;9;9;11.75;0;-89;8.05;0.08;0.02;0.0003;0.0016;Mala
23/8/2025 5:00;5422880;2934206;2;8;25.03;0;-103;29.98;0.14;0.08;0.0;0.0003;Regular
23/8/2025 5:01;8205547;1059723;4;1;26.79;0;-97;5.26;0.22;0.03;0.0;0.0001;Mala
23/8/2025 5:02;9323735;3047500;5;4;49.57;0;-95;0.3;0.25;0.08;0.0001;0.0001;Mala
23/8/2025 5:03;7457294;3855745;7;5;30.51;0;-92;4.46;0.2;0.1;0.0001;0.0001;Mala
23/8/2025 5:04;2384250;1499554;6;6;14.59;0;-112;23.28;0.06;0.04;0.0003;0.0004;Regular
23/8/2025 5:05;1061087;4693060;9;4;20.91;0;-92;13.4;0.03;0.13;0.0008;0.0001;Regular
23/8/2025 5:06;7409907;4658634;5;8;18.99;0;-81;13.43;0.2;0.12;0.0001;0.0002;Regular
23/8/2025 5:07;2496176;634055;13;0;97.44;0;-113;28.65;0.07;0.02;0.0005;0.0;Regular
23/8/2025 5:08;1039353;1176022;3;6;77.13;0;-112;27.59;0.03;0.03;0.0003;0.0005;Regular
23/8/2025 5:09;7484531;1309942;12;9;96.94;0;-81;9.34;0.2;0.03;0.0002;0.0007;Mala
23/8/2025 5:10;4360011;4379275;19;6;46.78;1;-85;6.27;0.12;0.12;0.0004;0.0001;Mala
23/8/2025 5:11;8654909;1196358;16;3;31.45;0;-91;25.45;0.23;0.03;0.0002;0.0003;Buena
23/8/2025 5:12;5259622;4095790;6;8;80.84;0;-103;27.18;0.14;0.11;0.0001;0.0002;Regular
23/8/2025 5:13;5959617;2341648;3;4;35.99;0;-112;16.25;0.16;0.06;0.0001;0.0002;Regular
23/8/2025 5:14;6725570;2188472;13;3;33.44;0;-102;18.88;0.18;0.06;0.0002;0.0001;Regular
23/8/2025 5:15;1416880;4328433;2;6;27.09;0;-103;7.71;0.04;0.12;0.0001;0.0001;Mala
23/8/2025 5:16;8072695;3235264;4;3;17.32;0;-89;24.02;0.22;0.09;0.0;0.0001;Buena
23/8/2025 5:17;8433296;4948748;15;2;29.36;0;-110;18.96;0.22;0.13;0.0002;0.0;Regular
23/8/2025 5:18;5965050;3200713;19;8;38.76;0;-99;15.11;0.16;0.09;0.0003;0.0002;Regular
23/8/2025 5:19;1813168;2808989;3;7;69.03;0;-81;1.8;0.05;0.07;0.0002;0.0002;Mala
23/8/2025 5:20;1225281;4637270;1;0;10.94;0;-99;27.48;0.03;0.12;0.0001;0.0;Regular
23/8/2025 5:21;4782875;4817922;17;6;25.0;0;-114;18.46;0.13;0.13;0.0004;0.0001;Regular
23/8/2025 5:22;3995765;4615625;18;8;81.86;0;-103;5.78;0.11;0.12;0.0005;0.0002;Mala
23/8/2025 5:23;8734102;959297;18;7;18.96;0;-114;18.19;0.23;0.03;0.0002;0.0007;Regular
23/8/2025 5:24;6595108;1520154;16;7;37.55;0;-88;20.32;0.18;0.04;0.0002;0.0005;Buena
23/8/2025 5:25;6674719;4577151;13;5;87.14;0;-90;15.77;0.18;0.12;0.0002;0.0001;Regular
23/8/2025 5:26;9658144;3303696;18;3;19.72;0;-94;21.54;0.26;0.09;0.0002;0.0001;Buena
23/8/2025 5:27;7609280;2593373;12;7;12.86;0;-113;17.44;0.2;0.07;0.0002;0.0003;Regular
23/8/2025 5:28;6500306;2872280;11;2;51.03;1;-81;28.43;0.17;0.08;0.0002;0.0001;Buena
23/8/2025 5:29;5372093;3416623;5;8;33.73;0;-104;1.61;0.14;0.09;0.0001;0.0002;Mala
23/8/2025 5:30;2561729;3206871;3;1;58.52;0;-92;3.19;0.07;0.09;0.0001;0.0;Mala
23/8/2025 5:31;6031595;1370123;18;1;81.36;0;-111;5.21;0.16;0.04;0.0003;0.0001;Mala
23/8/2025 5:32;6478047;3486249;15;6;18.03;0;-96;20.71;0.17;0.09;0.0002;0.0002;Regular
23/8/2025 5:33;2119043;2359582;12;9;60.17;0;-103;19.37;0.06;0.06;0.0006;0.0004;Regular
23/8/2025 5:34;8103230;4944499;3;3;53.02;0;-104;26.76;0.22;0.13;0.0;0.0001;Regular
23/8/2025 5:35;3558231;2629885;16;9;18.69;0;-103;21.99;0.09;0.07;0.0004;0.0003;Regular
23/8/2025 5:36;7659908;2707148;0;7;64.28;0;-106;15.25;0.2;0.07;0.0;0.0003;Regular
23/8/2025 5:37;4080389;1049239;17;8;31.0;0;-83;29.75;0.11;0.03;0.0004;0.0008;Buena
23/8/2025 5:38;2661909;1056701;19;6;51.34;0;-100;7.98;0.07;0.03;0.0007;0.0006;Mala
23/8/2025 5:39;3656138;3547569;16;4;12.82;0;-81;25.0;0.1;0.09;0.0004;0.0001;Buena
23/8/2025 5:40;1110078;1770464;14;7;48.66;0;-113;12.8;0.03;0.05;0.0013;0.0004;Regular
23/8/2025 5:41;2915631;1285332;10;3;34.11;0;-111;19.46;0.08;0.03;0.0003;0.0002;Regular
23/8/2025 5:42;7314127;1267950;12;1;83.13;0;-90;21.82;0.2;0.03;0.0002;0.0001;Buena
23/8/2025 5:43;3008187;666472;0;5;10.41;0;-105;19.01;0.08;0.02;0.0;0.0008;Regular
23/8/2025 5:44;2659066;897710;16;8;44.77;0;-109;4.22;0.07;0.02;0.0006;0.0009;Mala
23/8/2025 5:45;3148815;4817048;5;0;48.55;0;-106;13.29;0.08;0.13;0.0002;0.0;Regular
23/8/2025 5:46;8355740;3688729;3;9;73.88;0;-82;16.84;0.22;0.1;0.0;0.0002;Regular
23/8/2025 5:47;5506259;3350171;19;6;59.56;0;-113;25.47;0.15;0.09;0.0003;0.0002;Regular
23/8/2025 5:48;8473915;1410775;15;9;68.39;0;-108;13.31;0.23;0.04;0.0002;0.0006;Regular
23/8/2025 5:49;8658426;3096874;14;8;78.82;0;-85;27.56;0.23;0.08;0.0002;0.0003;Buena
23/8/2025 5:50;7404003;1058924;14;9;86.91;0;-105;13.21;0.2;0.03;0.0002;0.0008;Regular
23/8/2025 5:51;5135314;4381185;5;8;34.82;1;-109;16.46;0.14;0.12;0.0001;0.0002;Regular
23/8/2025 5:52;1910681;4873656;14;9;56.11;0;-114;23.89;0.05;0.13;0.0007;0.0002;Regular
23/8/2025 5:53;2607618;4512595;13;2;84.81;0;-110;17.49;0.07;0.12;0.0005;0.0;Regular
23/8/2025 5:54;4896830;2790435;10;4;99.0;0;-84;28.81;0.13;0.07;0.0002;0.0001;Buena
23/8/2025 5:55;5336787;931413;6;7;89.5;0;-96;19.81;0.14;0.02;0.0001;0.0008;Regular
23/8/2025 5:56;3755423;1852564;8;7;40.29;0;-82;15.68;0.1;0.05;0.0002;0.0004;Regular
23/8/2025 5:57;1071295;2924050;15;3;23.54;0;-100;0.71;0.03;0.08;0.0014;0.0001;Mala
23/8/2025 5:58;8613287;4665100;4;0;51.49;0;-91;12.41;0.23;0.12;0.0;0.0;Regular
23/8/2025 5:59;4445376;1363561;19;0;75.46;1;-104;8.98;0.12;0.04;0.0004;0.0;Mala
23/8/2025 6:00;6251035;802186;9;3;51.79;1;-109;22.44;0.17;0.02;0.0001;0.0004;Regular
23/8/2025 6:01;4612600;3707393;17;5;50.9;0;-99;6.25;0.12;0.1;0.0004;0.0001;Mala
23/8/2025 6:02;1825816;4328464;2;7;84.63;0;-105;6.16;0.05;0.12;0.0001;0.0002;Mala
23/8/2025 6:03;9763313;1526553;12;5;39.33;0;-110;5.69;0.26;0.04;0.0001;0.0003;Mala
23/8/2025 6:04;3026793;1735202;10;8;86.68;0;-93;3.77;0.08;0.05;0.0003;0.0005;Mala
23/8/2025 6:05;1554594;645271;16;8;43.65;0;-89;9.33;0.04;0.02;0.001;0.0012;Mala
23/8/2025 6:06;9536326;2715685;12;1;36.18;0;-110;26.58;0.25;0.07;0.0001;0.0;Regular
23/8/2025 6:07;4504473;4243797;5;9;48.13;0;-114;23.25;0.12;0.11;0.0001;0.0002;Regular
23/8/2025 6:08;8299695;2014542;16;0;77.43;0;-94;22.06;0.22;0.05;0.0002;0.0;Buena
23/8/2025 6:09;3204664;4680656;12;1;16.97;0;-96;23.92;0.09;0.12;0.0004;0.0;Regular
23/8/2025 6:10;5341747;3430184;18;4;23.66;0;-91;8.08;0.14;0.09;0.0003;0.0001;Mala
23/8/2025 6:11;1686976;576898;18;3;95.39;0;-101;26.62;0.04;0.02;0.0011;0.0005;Regular
23/8/2025 6:12;3472189;3795097;9;3;21.67;0;-87;4.12;0.09;0.1;0.0003;0.0001;Mala
23/8/2025 6:13;9506404;788316;2;8;58.93;0;-108;10.09;0.25;0.02;0.0;0.001;Regular
23/8/2025 6:14;2241082;2508954;13;7;60.03;0;-83;17.6;0.06;0.07;0.0006;0.0003;Regular
23/8/2025 6:15;6184502;2329553;18;5;51.51;0;-94;3.09;0.16;0.06;0.0003;0.0002;Mala
23/8/2025 6:16;7561000;4588657;4;0;66.25;0;-111;21.9;0.2;0.12;0.0001;0.0;Regular
23/8/2025 6:17;7671458;3541341;4;1;26.83;0;-98;11.62;0.2;0.09;0.0001;0.0;Regular
23/8/2025 6:18;5892306;1539504;19;5;57.5;0;-86;23.53;0.16;0.04;0.0003;0.0003;Buena
23/8/2025 6:19;4674515;4587810;16;1;40.36;1;-85;14.79;0.12;0.12;0.0003;0.0;Regular
23/8/2025 6:20;2579159;2605058;9;9;67.86;0;-106;5.43;0.07;0.07;0.0003;0.0003;Mala
23/8/2025 6:21;5515488;2175843;4;4;18.42;1;-101;22.04;0.15;0.06;0.0001;0.0002;Regular
23/8/2025 6:22;7041495;534701;3;4;59.23;0;-98;7.56;0.19;0.01;0.0;0.0007;Mala
23/8/2025 6:23;9767088;3729028;5;5;22.6;0;-93;14.72;0.26;0.1;0.0001;0.0001;Regular
23/8/2025 6:24;7324167;2221610;3;5;31.47;0;-83;2.27;0.2;0.06;0.0;0.0002;Mala
23/8/2025 6:25;1791971;2680712;6;5;25.78;0;-100;18.54;0.05;0.07;0.0003;0.0002;Regular
23/8/2025 6:26;1501157;2839767;6;1;22.37;1;-81;19.98;0.04;0.08;0.0004;0.0;Regular
23/8/2025 6:27;5378727;3114235;17;9;83.44;0;-82;11.36;0.14;0.08;0.0003;0.0003;Regular
23/8/2025 6:28;5124499;991036;2;2;32.14;0;-88;28.63;0.14;0.03;0.0;0.0002;Buena
23/8/2025 6:29;6946594;827304;0;5;93.08;0;-114;26.23;0.19;0.02;0.0;0.0006;Regular
23/8/2025 6:30;6106799;2962616;3;7;97.14;0;-86;21.24;0.16;0.08;0.0;0.0002;Buena
23/8/2025 6:31;5327576;3210241;5;0;59.27;0;-103;21.41;0.14;0.09;0.0001;0.0;Regular
23/8/2025 6:32;5962140;3933803;8;0;18.59;0;-100;7.57;0.16;0.1;0.0001;0.0;Mala
23/8/2025 6:33;3799487;1642953;13;1;40.58;0;-111;19.7;0.1;0.04;0.0003;0.0001;Regular
23/8/2025 6:34;3904941;4461352;11;5;80.78;0;-88;5.95;0.1;0.12;0.0003;0.0001;Mala
23/8/2025 6:35;8983441;4478702;19;8;39.9;0;-96;4.32;0.24;0.12;0.0002;0.0002;Mala
23/8/2025 6:36;6320385;4559175;3;3;13.27;0;-92;29.98;0.17;0.12;0.0;0.0001;Buena
23/8/2025 6:37;3100021;826916;11;2;57.89;0;-89;18.67;0.08;0.02;0.0004;0.0002;Regular
23/8/2025 6:38;7928040;4097706;9;7;85.29;0;-86;12.93;0.21;0.11;0.0001;0.0002;Regular
23/8/2025 6:39;1618467;1105409;6;9;80.61;0;-89;8.64;0.04;0.03;0.0004;0.0008;Mala
23/8/2025 6:40;6333152;1574135;2;8;21.64;0;-90;18.12;0.17;0.04;0.0;0.0005;Regular
23/8/2025 6:41;8328141;3489179;13;4;68.91;0;-109;1.49;0.22;0.09;0.0002;0.0001;Mala
23/8/2025 6:42;6072148;2225690;9;8;25.95;0;-111;2.84;0.16;0.06;0.0001;0.0004;Mala
23/8/2025 6:43;2707923;3780772;15;1;25.73;1;-93;0.99;0.07;0.1;0.0006;0.0;Mala
23/8/2025 6:44;6134207;4657893;15;2;88.04;0;-88;14.98;0.16;0.12;0.0002;0.0;Regular
23/8/2025 6:45;9516999;903119;9;6;28.72;0;-82;18.02;0.25;0.02;0.0001;0.0007;Regular
23/8/2025 6:46;7730886;4666769;12;6;30.01;0;-101;1.87;0.21;0.12;0.0002;0.0001;Mala
23/8/2025 6:47;6853584;4820295;5;5;5.06;0;-84;21.64;0.18;0.13;0.0001;0.0001;Buena
23/8/2025 6:48;9170528;902732;11;5;87.71;0;-90;6.91;0.24;0.02;0.0001;0.0006;Mala
23/8/2025 6:49;5301754;1006079;8;1;80.3;1;-85;20.56;0.14;0.03;0.0002;0.0001;Buena
23/8/2025 6:50;3269042;2450013;12;9;64.6;0;-97;29.46;0.09;0.07;0.0004;0.0004;Regular
23/8/2025 6:51;2983509;3123836;3;5;76.28;0;-107;20.73;0.08;0.08;0.0001;0.0002;Regular
23/8/2025 6:52;8740141;1632658;10;3;19.44;0;-87;26.5;0.23;0.04;0.0001;0.0002;Buena
23/8/2025 6:53;1116381;2485209;19;2;48.54;0;-112;28.45;0.03;0.07;0.0017;0.0001;Regular
23/8/2025 6:54;2521701;4822626;17;1;38.37;0;-113;14.6;0.07;0.13;0.0007;0.0;Regular
23/8/2025 6:55;7105525;1156951;10;0;13.91;0;-87;21.07;0.19;0.03;0.0001;0.0;Buena
23/8/2025 6:56;4438618;511303;3;4;51.18;0;-105;25.56;0.12;0.01;0.0001;0.0008;Regular
23/8/2025 6:57;8913697;1710209;17;1;92.47;0;-83;10.7;0.24;0.05;0.0002;0.0001;Regular
23/8/2025 6:58;3457184;3979591;0;1;8.81;0;-105;7.84;0.09;0.11;0.0;0.0;Mala
23/8/2025 6:59;5103022;2866610;6;6;32.69;0;-89;28.4;0.14;0.08;0.0001;0.0002;Buena
23/8/2025 7:00;2418175;4680303;5;7;24.72;0;-83;21.79;0.06;0.12;0.0002;0.0001;Buena
23/8/2025 7:01;4806688;1568199;14;9;27.62;0;-95;6.59;0.13;0.04;0.0003;0.0006;Mala
23/8/2025 7:02;8265795;4676224;17;7;91.3;0;-85;13.47;0.22;0.12;0.0002;0.0001;Regular
23/8/2025 7:03;4772962;958298;10;3;49.47;0;-114;23.89;0.13;0.03;0.0002;0.0003;Regular
23/8/2025 7:04;5041776;1547343;19;0;49.3;0;-89;16.41;0.13;0.04;0.0004;0.0;Regular
23/8/2025 7:05;3727423;605228;14;6;77.25;1;-105;19.5;0.1;0.02;0.0004;0.001;Regular
23/8/2025 7:06;6709840;2255692;15;0;19.68;0;-98;22.61;0.18;0.06;0.0002;0.0;Regular
23/8/2025 7:07;6130397;1384056;6;3;51.29;0;-115;18.66;0.16;0.04;0.0001;0.0002;Regular
23/8/2025 7:08;4451356;2230228;9;7;45.85;0;-81;16.2;0.12;0.06;0.0002;0.0003;Regular
23/8/2025 7:09;4444084;2446793;11;1;61.71;0;-81;22.49;0.12;0.07;0.0002;0.0;Buena
23/8/2025 7:10;3927109;2069123;13;5;99.96;0;-85;21.83;0.1;0.06;0.0003;0.0002;Buena
23/8/2025 7:11;7979451;3779269;4;5;78.1;0;-88;18.9;0.21;0.1;0.0001;0.0001;Regular
23/8/2025 7:12;9519981;2226470;17;8;42.8;0;-115;10.79;0.25;0.06;0.0002;0.0004;Regular
23/8/2025 7:13;8778484;3840420;4;4;83.62;0;-91;12.17;0.23;0.1;0.0;0.0001;Regular
23/8/2025 7:14;9503902;548874;2;9;21.22;0;-96;29.11;0.25;0.01;0.0;0.0016;Regular
23/8/2025 7:15;7214624;2122572;4;3;7.89;0;-113;3.37;0.19;0.06;0.0001;0.0001;Mala
23/8/2025 7:16;5842611;3720281;16;4;24.42;1;-114;8.06;0.16;0.1;0.0003;0.0001;Mala
23/8/2025 7:17;7357182;3189784;18;9;37.34;0;-98;14.77;0.2;0.09;0.0002;0.0003;Regular
23/8/2025 7:18;5335868;1209662;18;4;53.51;0;-106;25.1;0.14;0.03;0.0003;0.0003;Regular
23/8/2025 7:19;3215167;970452;11;7;63.44;0;-111;4.91;0.09;0.03;0.0003;0.0007;Mala
23/8/2025 7:20;4886402;2639686;8;9;91.51;0;-107;8.31;0.13;0.07;0.0002;0.0003;Mala
23/8/2025 7:21;7545535;3092670;0;7;53.44;1;-114;1.97;0.2;0.08;0.0;0.0002;Mala
23/8/2025 7:22;7842385;942061;17;1;52.62;0;-82;21.18;0.21;0.03;0.0002;0.0001;Buena
23/8/2025 7:23;1688105;3834732;3;6;9.77;0;-85;7.15;0.05;0.1;0.0002;0.0002;Mala
23/8/2025 7:24;2989173;4261675;9;7;8.32;0;-106;11.66;0.08;0.11;0.0003;0.0002;Regular
23/8/2025 7:25;4080761;2761286;6;5;57.36;0;-104;13.31;0.11;0.07;0.0001;0.0002;Regular
23/8/2025 7:26;2414466;988972;0;4;46.63;0;-95;26.74;0.06;0.03;0.0;0.0004;Regular
23/8/2025 7:27;1445101;1623994;16;8;84.72;0;-110;12.34;0.04;0.04;0.0011;0.0005;Regular
23/8/2025 7:28;9106609;3581328;1;2;20.26;0;-113;4.36;0.24;0.1;0.0;0.0001;Mala
23/8/2025 7:29;8413023;4598064;10;9;7.37;0;-106;15.73;0.22;0.12;0.0001;0.0002;Regular
23/8/2025 7:30;8613269;3117703;8;3;47.66;0;-111;28.89;0.23;0.08;0.0001;0.0001;Regular
23/8/2025 7:31;2105534;663038;6;8;27.56;0;-90;18.23;0.06;0.02;0.0003;0.0012;Regular
23/8/2025 7:32;5353127;4463735;16;5;9.71;0;-95;29.5;0.14;0.12;0.0003;0.0001;Regular
23/8/2025 7:33;8315360;1874572;16;7;73.84;0;-90;25.23;0.22;0.05;0.0002;0.0004;Buena
23/8/2025 7:34;9073461;2855874;1;6;15.6;0;-90;1.08;0.24;0.08;0.0;0.0002;Mala
23/8/2025 7:35;1498863;1100530;5;1;62.79;0;-108;19.75;0.04;0.03;0.0003;0.0001;Regular
23/8/2025 7:36;9756262;4148966;13;2;31.7;0;-111;8.6;0.26;0.11;0.0001;0.0;Mala
23/8/2025 7:37;3676188;1577833;5;0;21.48;0;-101;16.79;0.1;0.04;0.0001;0.0;Regular
23/8/2025 7:38;4295990;3077640;1;8;41.08;0;-100;8.38;0.11;0.08;0.0;0.0003;Mala
23/8/2025 7:39;8782937;935423;0;6;81.14;0;-115;10.47;0.23;0.02;0.0;0.0006;Regular
23/8/2025 7:40;7526818;1692929;9;0;42.25;0;-100;27.7;0.2;0.05;0.0001;0.0;Regular
23/8/2025 7:41;6491590;823390;4;2;76.32;0;-113;6.2;0.17;0.02;0.0001;0.0002;Mala
23/8/2025 7:42;7512440;2164221;1;3;16.92;0;-85;26.22;0.2;0.06;0.0;0.0001;Buena
23/8/2025 7:43;7099628;4568316;15;3;78.41;0;-103;0.91;0.19;0.12;0.0002;0.0001;Mala
23/8/2025 7:44;7555968;2156671;1;4;27.51;0;-100;2.73;0.2;0.06;0.0;0.0002;Mala
23/8/2025 7:45;3699015;638563;9;2;69.35;0;-95;25.64;0.1;0.02;0.0002;0.0003;Regular
23/8/2025 7:46;9837590;1283066;1;2;58.75;0;-114;18.92;0.26;0.03;0.0;0.0002;Regular
23/8/2025 7:47;2172622;2054623;15;0;93.27;0;-89;22.42;0.06;0.05;0.0007;0.0;Buena
23/8/2025 7:48;3503771;4555957;15;6;41.8;0;-90;6.28;0.09;0.12;0.0004;0.0001;Mala
23/8/2025 7:49;4177825;1097897;18;9;11.29;0;-91;16.11;0.11;0.03;0.0004;0.0008;Regular
23/8/2025 7:50;1996161;4441237;6;0;6.82;0;-105;22.12;0.05;0.12;0.0003;0.0;Regular
23/8/2025 7:51;5183839;1272800;11;1;83.55;0;-108;18.82;0.14;0.03;0.0002;0.0001;Regular
23/8/2025 7:52;1666326;2542999;14;3;54.85;0;-108;14.15;0.04;0.07;0.0008;0.0001;Regular
23/8/2025 7:53;1649150;4022554;7;3;78.65;0;-83;28.79;0.04;0.11;0.0004;0.0001;Buena
23/8/2025 7:54;4375957;4159985;5;4;27.27;0;-109;20.28;0.12;0.11;0.0001;0.0001;Regular
23/8/2025 7:55;1118834;2402897;9;1;37.78;0;-95;27.23;0.03;0.06;0.0008;0.0;Regular
23/8/2025 7:56;4239576;4076511;2;3;7.86;0;-108;21.89;0.11;0.11;0.0;0.0001;Regular
23/8/2025 7:57;6893309;1663950;18;0;96.34;0;-95;22.06;0.18;0.04;0.0003;0.0;Regular
23/8/2025 7:58;6948540;1049148;16;1;68.45;1;-96;2.4;0.19;0.03;0.0002;0.0001;Mala
23/8/2025 7:59;5249913;3273707;6;0;93.65;0;-108;10.78;0.14;0.09;0.0001;0.0;Regular
23/8/2025 8:00;5422201;3273939;19;9;30.22;0;-85;25.75;0.14;0.09;0.0004;0.0003;Buena
23/8/2025 8:01;2079600;2435740;3;9;63.09;0;-87;6.98;0.06;0.06;0.0001;0.0004;Mala
23/8/2025 8:02;4503157;3934955;13;3;69.46;0;-107;3.47;0.12;0.1;0.0003;0.0001;Mala
23/8/2025 8:03;9272874;3245226;19;3;35.17;1;-101;9.78;0.25;0.09;0.0002;0.0001;Mala
23/8/2025 8:04;9849851;3677326;14;6;85.57;0;-86;6.61;0.26;0.1;0.0001;0.0002;Mala
23/8/2025 8:05;2985588;2054510;7;9;94.98;0;-90;27.76;0.08;0.05;0.0002;0.0004;Buena
23/8/2025 8:06;9640059;2330815;14;8;89.06;0;-106;26.04;0.26;0.06;0.0001;0.0003;Regular
23/8/2025 8:07;5197355;4263122;19;8;75.21;0;-87;14.99;0.14;0.11;0.0004;0.0002;Regular
23/8/2025 8:08;2752683;2886378;13;4;31.36;0;-100;1.84;0.07;0.08;0.0005;0.0001;Mala
23/8/2025 8:09;8716868;4921590;8;9;31.75;0;-96;21.44;0.23;0.13;0.0001;0.0002;Regular
23/8/2025 8:10;2004646;3034937;7;0;96.52;1;-94;18.7;0.05;0.08;0.0003;0.0;Regular
23/8/2025 8:11;4867500;3657473;16;0;5.98;0;-109;29.12;0.13;0.1;0.0003;0.0;Regular
23/8/2025 8:12;1449395;1312461;1;5;73.02;0;-93;16.77;0.04;0.03;0.0001;0.0004;Regular
23/8/2025 8:13;6143901;4927036;2;1;72.09;0;-87;10.09;0.16;0.13;0.0;0.0;Regular
23/8/2025 8:14;7754350;4555555;7;7;64.16;0;-100;15.57;0.21;0.12;0.0001;0.0002;Regular
23/8/2025 8:15;2260386;2218224;11;8;99.06;0;-88;29.38;0.06;0.06;0.0005;0.0004;Buena
23/8/2025 8:16;4054390;3210626;0;3;34.63;0;-85;20.89;0.11;0.09;0.0;0.0001;Buena
23/8/2025 8:17;8019431;1424044;9;4;37.3;0;-102;20.16;0.21;0.04;0.0001;0.0003;Regular
23/8/2025 8:18;4379569;3481352;19;7;12.5;0;-83;7.22;0.12;0.09;0.0004;0.0002;Mala
23/8/2025 8:19;3900603;1886652;2;2;47.07;0;-107;22.31;0.1;0.05;0.0001;0.0001;Regular
23/8/2025 8:20;9611474;785555;5;4;29.8;1;-89;22.51;0.26;0.02;0.0001;0.0005;Buena
23/8/2025 8:21;2646711;944191;6;2;37.62;0;-92;9.52;0.07;0.03;0.0002;0.0002;Mala
23/8/2025 8:22;6587774;2002337;19;9;84.28;0;-103;14.51;0.18;0.05;0.0003;0.0004;Regular
23/8/2025 8:23;7319707;3986669;17;2;93.87;0;-90;8.84;0.2;0.11;0.0002;0.0001;Mala
23/8/2025 8:24;8967801;1420597;10;2;22.64;0;-87;7.76;0.24;0.04;0.0001;0.0001;Mala
23/8/2025 8:25;2423286;2543338;18;6;40.39;0;-88;0.78;0.06;0.07;0.0007;0.0002;Mala
23/8/2025 8:26;4695961;4222946;4;6;93.22;0;-88;8.56;0.13;0.11;0.0001;0.0001;Mala
23/8/2025 8:27;9217316;1986205;18;6;10.87;0;-108;16.62;0.25;0.05;0.0002;0.0003;Regular
23/8/2025 8:28;4177945;3365899;10;9;13.77;0;-93;0.05;0.11;0.09;0.0002;0.0003;Mala
23/8/2025 8:29;8348340;724695;11;7;20.47;0;-87;8.5;0.22;0.02;0.0001;0.001;Mala
23/8/2025 8:30;1183062;3481467;9;4;61.55;0;-111;26.44;0.03;0.09;0.0008;0.0001;Regular
23/8/2025 8:31;3841992;3941628;7;4;19.29;0;-109;17.81;0.1;0.11;0.0002;0.0001;Regular
23/8/2025 8:32;5294539;1601844;8;3;96.97;0;-89;18.24;0.14;0.04;0.0002;0.0002;Regular
23/8/2025 8:33;7095929;1910706;3;6;47.44;0;-114;12.1;0.19;0.05;0.0;0.0003;Regular
23/8/2025 8:34;5944505;3840216;4;9;52.64;0;-91;20.29;0.16;0.1;0.0001;0.0002;Buena
23/8/2025 8:35;1803328;4333284;7;3;28.43;0;-107;5.7;0.05;0.12;0.0004;0.0001;Mala
23/8/2025 8:36;5062958;2347865;8;1;49.74;0;-89;24.56;0.14;0.06;0.0002;0.0;Buena
23/8/2025 8:37;2043233;1419484;14;3;67.88;0;-115;3.5;0.05;0.04;0.0007;0.0002;Mala
23/8/2025 8:38;7468703;4517136;14;7;76.36;1;-93;19.68;0.2;0.12;0.0002;0.0002;Regular
23/8/2025 8:39;1529525;844855;15;8;76.62;0;-106;10.23;0.04;0.02;0.001;0.0009;Regular
23/8/2025 8:40;1176615;1574961;13;2;59.9;1;-91;22.43;0.03;0.04;0.0011;0.0001;Buena
23/8/2025 8:41;5381932;4061963;7;6;90.91;0;-113;16.49;0.14;0.11;0.0001;0.0001;Regular
23/8/2025 8:42;7665088;2877935;17;8;82.65;0;-110;13.57;0.2;0.08;0.0002;0.0003;Regular
23/8/2025 8:43;8474447;1634106;9;3;76.92;0;-110;5.08;0.23;0.04;0.0001;0.0002;Mala
23/8/2025 8:44;5601020;4978011;19;9;10.28;0;-114;19.1;0.15;0.13;0.0003;0.0002;Regular
23/8/2025 8:45;4699391;2974968;5;2;5.65;0;-98;29.24;0.13;0.08;0.0001;0.0001;Regular
23/8/2025 8:46;9929860;2942266;11;4;25.18;0;-93;24.77;0.26;0.08;0.0001;0.0001;Buena
23/8/2025 8:47;8006454;4937677;1;0;68.03;1;-114;1.8;0.21;0.13;0.0;0.0;Mala
23/8/2025 8:48;4612610;1718758;6;2;44.06;0;-104;11.29;0.12;0.05;0.0001;0.0001;Regular
23/8/2025 8:49;8031883;2155743;15;7;43.23;0;-94;27.77;0.21;0.06;0.0002;0.0003;Buena
23/8/2025 8:50;3164367;4477019;2;7;89.04;0;-96;15.09;0.08;0.12;0.0001;0.0002;Regular
23/8/2025 8:51;1144356;3568281;12;3;90.08;0;-92;19.86;0.03;0.1;0.001;0.0001;Regular
23/8/2025 8:52;9744220;1018349;2;1;91.37;0;-96;27.38;0.26;0.03;0.0;0.0001;Regular
23/8/2025 8:53;9398043;3381990;17;7;34.82;0;-115;26.21;0.25;0.09;0.0002;0.0002;Regular
23/8/2025 8:54;2748014;1297968;10;7;70.65;1;-115;15.05;0.07;0.03;0.0004;0.0005;Regular
23/8/2025 8:55;8156720;579083;7;9;30.81;0;-99;13.13;0.22;0.02;0.0001;0.0016;Regular
23/8/2025 8:56;3288627;3155971;5;3;23.11;0;-115;10.19;0.09;0.08;0.0002;0.0001;Regular
23/8/2025 8:57;7517963;4497615;0;2;22.54;0;-86;21.57;0.2;0.12;0.0;0.0;Buena
23/8/2025 8:58;7597519;3374299;0;1;37.5;0;-113;8.61;0.2;0.09;0.0;0.0;Mala
23/8/2025 8:59;1764121;2304673;7;8;45.85;0;-105;7.5;0.05;0.06;0.0004;0.0003;Mala
23/8/2025 9:00;8068121;3438199;4;0;83.94;0;-92;10.69;0.22;0.09;0.0;0.0;Regular
23/8/2025 9:01;4502630;1109996;15;6;16.39;0;-94;5.32;0.12;0.03;0.0003;0.0005;Mala
23/8/2025 9:02;6698848;1278513;10;4;74.82;0;-90;20.85;0.18;0.03;0.0001;0.0003;Buena
23/8/2025 9:03;2107677;3803389;4;7;55.49;0;-103;18.49;0.06;0.1;0.0002;0.0002;Regular
23/8/2025 9:04;6738852;4854385;3;3;32.35;1;-115;14.49;0.18;0.13;0.0;0.0001;Regular
23/8/2025 9:05;1288790;888590;5;6;51.82;0;-92;11.71;0.03;0.02;0.0004;0.0007;Regular
23/8/2025 9:06;6084921;2265982;13;4;33.49;0;-106;27.27;0.16;0.06;0.0002;0.0002;Regular
23/8/2025 9:07;4693305;3278655;18;4;61.63;0;-81;0.87;0.13;0.09;0.0004;0.0001;Mala
23/8/2025 9:08;5466271;3651882;8;8;46.22;0;-92;23.07;0.15;0.1;0.0001;0.0002;Buena
23/8/2025 9:09;5385536;3710016;11;8;20.62;0;-88;27.06;0.14;0.1;0.0002;0.0002;Buena
23/8/2025 9:10;2352695;2879877;10;8;16.08;0;-100;13.39;0.06;0.08;0.0004;0.0003;Regular
23/8/2025 9:11;2589228;2889383;13;5;56.94;0;-100;16.52;0.07;0.08;0.0005;0.0002;Regular
23/8/2025 9:12;2100567;664053;15;5;90.73;0;-99;28.33;0.06;0.02;0.0007;0.0008;Regular
23/8/2025 9:13;8706358;1936536;0;4;37.68;0;-101;6.37;0.23;0.05;0.0;0.0002;Mala
23/8/2025 9:14;1049115;3042637;12;8;74.64;0;-100;15.6;0.03;0.08;0.0011;0.0003;Regular
23/8/2025 9:15;1721747;3890926;12;9;67.57;0;-101;14.24;0.05;0.1;0.0007;0.0002;Regular
23/8/2025 9:16;6392023;4113263;1;7;93.5;0;-82;7.75;0.17;0.11;0.0;0.0002;Mala
23/8/2025 9:17;6957515;4658549;3;6;82.99;0;-105;24.56;0.19;0.12;0.0;0.0001;Regular
23/8/2025 9:18;7232753;1846208;5;6;58.83;0;-115;26.99;0.19;0.05;0.0001;0.0003;Regular
23/8/2025 9:19;6246880;2278599;4;5;67.42;0;-101;23.46;0.17;0.06;0.0001;0.0002;Regular
23/8/2025 9:20;2404330;522431;2;4;90.35;1;-90;5.86;0.06;0.01;0.0001;0.0008;Mala
23/8/2025 9:21;1251492;1743131;0;3;42.95;0;-112;2.6;0.03;0.05;0.0;0.0002;Mala
23/8/2025 9:22;5035851;1147008;3;2;36.05;1;-111;18.16;0.13;0.03;0.0001;0.0002;Regular
23/8/2025 9:23;1491072;1073441;19;2;6.03;0;-81;1.71;0.04;0.03;0.0013;0.0002;Mala
23/8/2025 9:24;2086880;4962816;1;5;83.52;0;-103;20.18;0.06;0.13;0.0;0.0001;Regular
23/8/2025 9:25;3055723;4870380;4;3;81.09;0;-106;15.91;0.08;0.13;0.0001;0.0001;Regular
23/8/2025 9:26;3248988;2549949;2;5;14.92;1;-105;19.88;0.09;0.07;0.0001;0.0002;Regular
23/8/2025 9:27;3976242;1768300;8;2;59.8;0;-98;17.71;0.11;0.05;0.0002;0.0001;Regular
23/8/2025 9:28;5580081;2447763;19;3;49.08;0;-82;12.68;0.15;0.07;0.0003;0.0001;Regular
23/8/2025 9:29;3648790;2129849;5;8;16.28;0;-93;6.03;0.1;0.06;0.0001;0.0004;Mala
23/8/2025 9:30;4763024;2385077;17;4;98.15;0;-109;9.17;0.13;0.06;0.0004;0.0002;Mala
23/8/2025 9:31;5833177;4382149;5;6;25.4;0;-113;15.74;0.16;0.12;0.0001;0.0001;Regular
23/8/2025 9:32;9272841;550861;18;9;11.39;0;-104;19.56;0.25;0.01;0.0002;0.0016;Regular
23/8/2025 9:33;4353597;4500737;11;1;61.51;0;-109;23.38;0.12;0.12;0.0003;0.0;Regular
23/8/2025 9:34;9454561;1221001;10;4;75.19;0;-90;23.02;0.25;0.03;0.0001;0.0003;Buena
23/8/2025 9:35;3597480;2491083;1;8;8.08;0;-83;29.18;0.1;0.07;0.0;0.0003;Buena
23/8/2025 9:36;5197571;2123911;14;2;67.58;0;-101;8.58;0.14;0.06;0.0003;0.0001;Mala
23/8/2025 9:37;7374201;1943717;11;8;55.57;0;-114;2.13;0.2;0.05;0.0001;0.0004;Mala
23/8/2025 9:38;7118900;4909352;11;5;14.81;0;-109;10.37;0.19;0.13;0.0002;0.0001;Regular
23/8/2025 9:39;3922097;3357733;8;3;21.39;0;-84;22.3;0.1;0.09;0.0002;0.0001;Buena
23/8/2025 9:40;1157164;1705663;1;6;58.96;0;-112;13.14;0.03;0.05;0.0001;0.0004;Regular
23/8/2025 9:41;1531831;533320;2;7;33.15;0;-96;24.53;0.04;0.01;0.0001;0.0013;Regular
23/8/2025 9:42;3989475;827025;11;5;94.14;0;-84;16.48;0.11;0.02;0.0003;0.0006;Regular
23/8/2025 9:43;4369720;864359;15;4;82.78;0;-88;27.89;0.12;0.02;0.0003;0.0005;Buena
23/8/2025 9:44;5711075;1808507;0;5;98.44;0;-103;28.44;0.15;0.05;0.0;0.0003;Regular
23/8/2025 9:45;8122313;4566621;2;4;29.67;0;-115;2.08;0.22;0.12;0.0;0.0001;Mala
23/8/2025 9:46;7854500;1443187;19;7;97.12;0;-81;13.69;0.21;0.04;0.0002;0.0005;Regular
23/8/2025 9:47;3640328;4493710;1;0;45.97;0;-86;18.29;0.1;0.12;0.0;0.0;Regular
23/8/2025 9:48;8326434;2097690;8;6;38.01;1;-91;7.68;0.22;0.06;0.0001;0.0003;Mala
23/8/2025 9:49;6063778;600734;18;9;9.78;0;-100;12.21;0.16;0.02;0.0003;0.0015;Regular
23/8/2025 9:50;4970001;657702;14;9;10.01;0;-97;20.33;0.13;0.02;0.0003;0.0014;Regular
23/8/2025 9:51;1070640;3351274;17;1;70.74;0;-115;6.8;0.03;0.09;0.0016;0.0;Mala
23/8/2025 9:52;5122263;1725811;10;8;48.5;1;-111;18.06;0.14;0.05;0.0002;0.0005;Regular
23/8/2025 9:53;5594877;1647087;15;0;26.52;0;-94;20.92;0.15;0.04;0.0003;0.0;Buena
23/8/2025 9:54;2355531;3581091;16;9;63.33;0;-92;2.71;0.06;0.1;0.0007;0.0003;Mala
23/8/2025 9:55;1675510;4329049;4;5;29.02;0;-112;14.93;0.04;0.12;0.0002;0.0001;Regular
23/8/2025 9:56;4741196;3203381;11;8;59.88;0;-98;7.89;0.13;0.09;0.0002;0.0002;Mala
23/8/2025 9:57;7990102;2368670;10;0;39.12;0;-100;21.73;0.21;0.06;0.0001;0.0;Regular
23/8/2025 9:58;3734296;4793122;14;3;83.24;0;-98;5.69;0.1;0.13;0.0004;0.0001;Mala
23/8/2025 9:59;7706024;4846664;2;3;82.97;0;-94;26.77;0.21;0.13;0.0;0.0001;Buena
23/8/2025 10:00;1898320;1432817;0;8;50.35;0;-114;12.93;0.05;0.04;0.0;0.0006;Regular
23/8/2025 10:01;6781565;4835702;19;4;38.33;0;-95;5.94;0.18;0.13;0.0003;0.0001;Mala
23/8/2025 10:02;3007635;3778360;15;4;39.44;0;-87;13.14;0.08;0.1;0.0005;0.0001;Regular
23/8/2025 10:03;4264908;3462732;1;5;81.54;1;-90;12.26;0.11;0.09;0.0;0.0001;Regular
23/8/2025 10:04;5260538;2680338;1;0;36.18;0;-95;12.87;0.14;0.07;0.0;0.0;Regular
23/8/2025 10:05;7486460;2492825;2;0;24.86;0;-99;17.57;0.2;0.07;0.0;0.0;Regular
23/8/2025 10:06;7197323;4332978;7;8;13.05;0;-100;15.64;0.19;0.12;0.0001;0.0002;Regular
23/8/2025 10:07;4621581;4615811;14;2;49.34;0;-85;4.49;0.12;0.12;0.0003;0.0;Mala
23/8/2025 10:08;5246238;1094604;6;3;50.8;1;-107;1.97;0.14;0.03;0.0001;0.0003;Mala
23/8/2025 10:09;6963135;2549927;5;0;84.89;0;-85;21.88;0.19;0.07;0.0001;0.0;Buena
23/8/2025 10:10;9814131;3674108;8;8;26.02;0;-102;16.79;0.26;0.1;0.0001;0.0002;Regular
23/8/2025 10:11;4599865;3231638;19;7;41.19;0;-114;10.77;0.12;0.09;0.0004;0.0002;Regular
23/8/2025 10:12;6382287;764500;0;1;81.8;0;-102;24.25;0.17;0.02;0.0;0.0001;Regular
23/8/2025 10:13;8990340;2667478;7;7;83.24;0;-83;11.64;0.24;0.07;0.0001;0.0003;Regular
23/8/2025 10:14;2039458;3476031;2;6;41.54;0;-81;23.88;0.05;0.09;0.0001;0.0002;Buena
23/8/2025 10:15;4772811;1139282;3;5;48.62;0;-96;9.17;0.13;0.03;0.0001;0.0004;Mala
23/8/2025 10:16;3317336;3403633;14;0;33.81;1;-114;2.19;0.09;0.09;0.0004;0.0;Mala
23/8/2025 10:17;3763642;2440369;5;6;93.59;1;-97;27.98;0.1;0.07;0.0001;0.0002;Regular
23/8/2025 10:18;8689684;4448242;14;9;16.27;0;-98;11.84;0.23;0.12;0.0002;0.0002;Regular
23/8/2025 10:19;4788340;1717060;2;6;93.71;0;-100;23.78;0.13;0.05;0.0;0.0003;Regular
23/8/2025 10:20;1197775;1531519;13;8;69.97;0;-112;8.37;0.03;0.04;0.0011;0.0005;Mala
23/8/2025 10:21;3386488;1289352;19;0;55.5;0;-104;19.39;0.09;0.03;0.0006;0.0;Regular
23/8/2025 10:22;1787494;1890281;13;1;8.1;0;-87;26.2;0.05;0.05;0.0007;0.0001;Buena
23/8/2025 10:23;6851244;4441106;3;8;50.18;0;-109;1.25;0.18;0.12;0.0;0.0002;Mala
23/8/2025 10:24;6332660;2822466;11;8;43.74;0;-102;24.92;0.17;0.08;0.0002;0.0003;Regular
23/8/2025 10:25;7837433;2351317;16;5;20.32;0;-104;17.14;0.21;0.06;0.0002;0.0002;Regular
23/8/2025 10:26;6083769;2446830;6;5;67.36;0;-81;18.22;0.16;0.07;0.0001;0.0002;Regular
23/8/2025 10:27;1533636;3114150;8;3;97.26;0;-111;15.69;0.04;0.08;0.0005;0.0001;Regular
23/8/2025 10:28;5232406;2068560;2;3;58.41;0;-99;26.23;0.14;0.06;0.0;0.0001;Regular
23/8/2025 10:29;3276360;3105214;12;4;72.9;0;-84;1.3;0.09;0.08;0.0004;0.0001;Mala
23/8/2025 10:30;5408249;2729180;14;2;11.5;0;-106;7.83;0.14;0.07;0.0003;0.0001;Mala
23/8/2025 10:31;5426219;2828599;17;0;44.68;0;-99;26.27;0.14;0.08;0.0003;0.0;Regular
23/8/2025 10:32;9914438;1495843;18;0;16.05;0;-111;22.57;0.26;0.04;0.0002;0.0;Regular
23/8/2025 10:33;2332397;4688891;0;6;63.22;0;-107;0.53;0.06;0.13;0.0;0.0001;Mala
23/8/2025 10:34;8517836;1126045;5;0;94.16;0;-83;15.51;0.23;0.03;0.0001;0.0;Regular
23/8/2025 10:35;7646705;4531419;1;0;67.87;0;-98;15.89;0.2;0.12;0.0;0.0;Regular
23/8/2025 10:36;6462810;4995511;13;2;12.3;0;-107;12.03;0.17;0.13;0.0002;0.0;Regular
23/8/2025 10:37;9905921;1924945;5;9;38.69;0;-87;8.92;0.26;0.05;0.0001;0.0005;Mala
23/8/2025 10:38;7903836;1891538;13;3;57.31;0;-102;20.45;0.21;0.05;0.0002;0.0002;Regular
23/8/2025 10:39;7243669;2863999;3;3;43.3;0;-91;6.23;0.19;0.08;0.0;0.0001;Mala
23/8/2025 10:40;2286643;1220488;7;1;84.2;0;-101;23.97;0.06;0.03;0.0003;0.0001;Regular
23/8/2025 10:41;9315390;919065;2;0;82.39;1;-110;24.09;0.25;0.02;0.0;0.0;Regular
23/8/2025 10:42;7200646;3284372;18;2;63.12;1;-87;12.46;0.19;0.09;0.0002;0.0001;Regular
23/8/2025 10:43;7983896;4725889;13;3;40.48;0;-101;8.51;0.21;0.13;0.0002;0.0001;Mala
23/8/2025 10:44;9783148;1963807;19;2;29.26;0;-87;8.52;0.26;0.05;0.0002;0.0001;Mala
23/8/2025 10:45;6409861;3592195;16;7;15.06;0;-112;14.47;0.17;0.1;0.0002;0.0002;Regular
23/8/2025 10:46;5939003;2116449;7;9;38.72;0;-98;21.59;0.16;0.06;0.0001;0.0004;Regular
23/8/2025 10:47;7311326;789102;13;0;44.25;1;-100;10.77;0.19;0.02;0.0002;0.0;Regular
23/8/2025 10:48;6146386;1836737;5;1;69.2;0;-105;18.3;0.16;0.05;0.0001;0.0001;Regular
23/8/2025 10:49;9415398;3560006;15;6;67.53;0;-102;11.47;0.25;0.09;0.0002;0.0002;Regular
23/8/2025 10:50;1448345;2877074;18;3;11.66;0;-113;9.14;0.04;0.08;0.0012;0.0001;Mala
23/8/2025 10:51;8827494;3297753;13;7;42.55;1;-98;0.75;0.24;0.09;0.0001;0.0002;Mala
23/8/2025 10:52;4685501;1590805;18;2;22.27;0;-96;0.12;0.12;0.04;0.0004;0.0001;Mala
23/8/2025 10:53;2879490;4943778;2;5;19.9;0;-91;6.82;0.08;0.13;0.0001;0.0001;Mala
23/8/2025 10:54;5984445;4662065;9;8;83.59;0;-103;12.19;0.16;0.12;0.0002;0.0002;Regular
23/8/2025 10:55;7939705;3510087;18;0;8.98;0;-112;25.54;0.21;0.09;0.0002;0.0;Regular
23/8/2025 10:56;8002587;760116;8;0;44.82;0;-102;23.95;0.21;0.02;0.0001;0.0;Regular
23/8/2025 10:57;7742471;3468462;19;7;20.98;0;-83;8.01;0.21;0.09;0.0002;0.0002;Mala
23/8/2025 10:58;2454908;3542146;12;2;88.54;1;-88;7.34;0.07;0.09;0.0005;0.0001;Mala
23/8/2025 10:59;4319144;3118137;6;4;57.92;1;-108;6.82;0.12;0.08;0.0001;0.0001;Mala
23/8/2025 11:00;9693670;4714279;13;0;26.98;0;-82;10.18;0.26;0.13;0.0001;0.0;Regular
23/8/2025 11:01;6806466;4852099;8;4;52.73;0;-111;14.95;0.18;0.13;0.0001;0.0001;Regular
23/8/2025 11:02;6744588;4062223;18;5;74.49;0;-111;13.16;0.18;0.11;0.0003;0.0001;Regular
23/8/2025 11:03;6304509;1757949;14;7;96.02;0;-85;6.55;0.17;0.05;0.0002;0.0004;Mala
23/8/2025 11:04;8668216;3471981;19;2;25.94;0;-107;3.91;0.23;0.09;0.0002;0.0001;Mala
23/8/2025 11:05;5949499;4350241;13;2;89.19;0;-84;0.38;0.16;0.12;0.0002;0.0;Mala
23/8/2025 11:06;3387312;4459076;5;9;93.76;0;-83;4.62;0.09;0.12;0.0001;0.0002;Mala
23/8/2025 11:07;4693976;4234340;3;8;92.06;0;-113;21.16;0.13;0.11;0.0001;0.0002;Regular
23/8/2025 11:08;7062903;3821765;7;3;65.36;0;-86;7.31;0.19;0.1;0.0001;0.0001;Mala
23/8/2025 11:09;5408224;888076;16;3;64.83;0;-104;14.06;0.14;0.02;0.0003;0.0003;Regular
23/8/2025 11:10;5035493;3609244;8;6;43.31;0;-87;17.74;0.13;0.1;0.0002;0.0002;Regular
23/8/2025 11:11;6703737;2698611;0;1;76.48;0;-113;26.61;0.18;0.07;0.0;0.0;Regular
23/8/2025 11:12;2871403;2460826;19;7;55.47;0;-90;26.67;0.08;0.07;0.0007;0.0003;Buena
23/8/2025 11:13;6747372;3344664;13;5;69.36;0;-86;22.37;0.18;0.09;0.0002;0.0001;Buena
23/8/2025 11:14;5848287;3113275;10;2;45.7;0;-107;1.05;0.16;0.08;0.0002;0.0001;Mala
23/8/2025 11:15;6658796;1878369;2;8;74.49;0;-90;17.25;0.18;0.05;0.0;0.0004;Regular
23/8/2025 11:16;1821052;2923970;8;4;83.32;0;-114;23.6;0.05;0.08;0.0004;0.0001;Regular
23/8/2025 11:17;3225300;2590212;13;7;18.91;0;-113;0.52;0.09;0.07;0.0004;0.0003;Mala
23/8/2025 11:18;2855567;4671774;8;6;84.13;0;-112;16.49;0.08;0.12;0.0003;0.0001;Regular
23/8/2025 11:19;2534837;2741984;3;7;56.33;0;-91;25.73;0.07;0.07;0.0001;0.0003;Buena
23/8/2025 11:20;4338442;652999;3;6;85.24;0;-103;14.22;0.12;0.02;0.0001;0.0009;Regular
23/8/2025 11:21;5926203;561367;7;2;45.97;0;-81;0.12;0.16;0.01;0.0001;0.0004;Mala
23/8/2025 11:22;1423570;1253315;1;1;41.01;0;-93;0.33;0.04;0.03;0.0001;0.0001;Mala
23/8/2025 11:23;3373139;3505334;8;6;91.93;0;-107;12.5;0.09;0.09;0.0002;0.0002;Regular
23/8/2025 11:24;6221816;3354190;13;2;28.86;0;-114;4.65;0.17;0.09;0.0002;0.0001;Mala
23/8/2025 11:25;3114792;1784382;8;2;85.2;0;-85;19.93;0.08;0.05;0.0003;0.0001;Regular
23/8/2025 11:26;9441136;4353321;15;1;50.98;0;-114;21.26;0.25;0.12;0.0002;0.0;Regular
23/8/2025 11:27;2873421;3154837;16;3;53.84;0;-84;5.34;0.08;0.08;0.0006;0.0001;Mala
23/8/2025 11:28;7550670;3984239;15;7;34.3;0;-98;26.66;0.2;0.11;0.0002;0.0002;Regular
23/8/2025 11:29;7081950;1542377;11;0;59.44;0;-103;13.26;0.19;0.04;0.0002;0.0;Regular
23/8/2025 11:30;7925877;3757181;2;0;35.9;0;-111;4.29;0.21;0.1;0.0;0.0;Mala
23/8/2025 11:31;6967106;1423780;10;4;8.73;0;-106;22.93;0.19;0.04;0.0001;0.0003;Regular
23/8/2025 11:32;6118922;3366451;13;4;30.84;0;-91;23.7;0.16;0.09;0.0002;0.0001;Buena
23/8/2025 11:33;8177545;2968152;17;0;5.61;0;-82;19.18;0.22;0.08;0.0002;0.0;Regular
23/8/2025 11:34;6122783;4907871;4;5;97.94;0;-86;25.6;0.16;0.13;0.0001;0.0001;Buena
23/8/2025 11:35;6528983;2442811;15;0;96.75;0;-109;22.12;0.17;0.07;0.0002;0.0;Regular
23/8/2025 11:36;1160775;798090;19;4;42.54;0;-110;26.47;0.03;0.02;0.0016;0.0005;Regular
23/8/2025 11:37;8349369;817348;4;8;74.2;0;-113;13.02;0.22;0.02;0.0;0.001;Regular
23/8/2025 11:38;3667867;1826283;2;4;37.85;0;-103;22.43;0.1;0.05;0.0001;0.0002;Regular
23/8/2025 11:39;7655623;592324;11;5;68.75;0;-113;29.99;0.2;0.02;0.0001;0.0008;Regular
23/8/2025 11:40;8686841;2820688;0;7;81.52;1;-90;21.75;0.23;0.08;0.0;0.0002;Buena
23/8/2025 11:41;7978737;2305808;8;0;94.94;0;-92;3.43;0.21;0.06;0.0001;0.0;Mala
23/8/2025 11:42;2344027;1820567;8;1;43.02;0;-110;15.55;0.06;0.05;0.0003;0.0001;Regular
23/8/2025 11:43;5166500;4720459;3;8;79.41;0;-104;17.62;0.14;0.13;0.0001;0.0002;Regular
23/8/2025 11:44;8467048;4515470;2;2;30.26;0;-114;5.23;0.23;0.12;0.0;0.0;Mala
23/8/2025 11:45;8884479;3777419;16;5;99.08;1;-105;28.89;0.24;0.1;0.0002;0.0001;Regular
23/8/2025 11:46;1497562;4122138;1;4;7.45;0;-82;5.27;0.04;0.11;0.0001;0.0001;Mala
23/8/2025 11:47;5578238;3040476;0;1;62.34;1;-90;5.33;0.15;0.08;0.0;0.0;Mala
23/8/2025 11:48;5037776;4729011;7;6;67.65;0;-98;27.46;0.13;0.13;0.0001;0.0001;Regular
23/8/2025 11:49;5010912;1437841;12;3;70.36;0;-95;13.96;0.13;0.04;0.0002;0.0002;Regular
23/8/2025 11:50;5511732;2067053;14;0;16.44;0;-94;1.9;0.15;0.06;0.0003;0.0;Mala
23/8/2025 11:51;6562067;2416545;7;3;94.16;0;-86;17.95;0.17;0.06;0.0001;0.0001;Regular
23/8/2025 11:52;6237196;3343940;11;5;22.21;0;-86;18.05;0.17;0.09;0.0002;0.0001;Regular
23/8/2025 11:53;5885211;4432441;11;6;64.16;0;-108;1.94;0.16;0.12;0.0002;0.0001;Mala
23/8/2025 11:54;7126319;1707068;13;6;26.15;0;-82;29.18;0.19;0.05;0.0002;0.0004;Buena
23/8/2025 11:55;2600396;4864406;14;6;34.19;0;-107;16.32;0.07;0.13;0.0005;0.0001;Regular
23/8/2025 11:56;4311149;894274;14;2;56.91;1;-96;16.79;0.11;0.02;0.0003;0.0002;Regular
23/8/2025 11:57;9511010;4911589;8;5;44.63;0;-91;15.6;0.25;0.13;0.0001;0.0001;Regular
23/8/2025 11:58;3496081;1886980;18;7;20.22;0;-97;18.32;0.09;0.05;0.0005;0.0004;Regular
23/8/2025 11:59;1575278;1708052;19;3;21.24;0;-111;7.93;0.04;0.05;0.0012;0.0002;Mala
23/8/2025 12:00;6187480;3355994;7;7;44.72;0;-105;8.62;0.16;0.09;0.0001;0.0002;Mala
23/8/2025 12:01;2178049;3447762;18;1;76.94;1;-101;15.34;0.06;0.09;0.0008;0.0;Regular
23/8/2025 12:02;4080201;2893293;5;9;90.31;0;-108;24.2;0.11;0.08;0.0001;0.0003;Regular
23/8/2025 12:03;8136029;3540267;19;8;12.99;0;-97;1.5;0.22;0.09;0.0002;0.0002;Mala
23/8/2025 12:04;4464442;4342323;18;8;42.34;0;-93;18.1;0.12;0.12;0.0004;0.0002;Regular
23/8/2025 12:05;4314692;1797076;3;7;14.52;0;-89;24.2;0.12;0.05;0.0001;0.0004;Buena
23/8/2025 12:06;5719607;1680887;6;9;6.58;0;-84;4.71;0.15;0.04;0.0001;0.0005;Mala
23/8/2025 12:07;7285088;2307610;3;9;67.86;0;-90;0.45;0.19;0.06;0.0;0.0004;Mala
23/8/2025 12:08;2110389;4939850;11;0;62.23;0;-89;9.38;0.06;0.13;0.0005;0.0;Mala
23/8/2025 12:09;9416320;3248385;12;1;20.49;0;-97;17.64;0.25;0.09;0.0001;0.0;Regular
23/8/2025 12:10;4912942;4215288;2;5;27.21;1;-87;4.15;0.13;0.11;0.0;0.0001;Mala
23/8/2025 12:11;9501424;2424401;11;9;7.25;0;-83;12.78;0.25;0.06;0.0001;0.0004;Regular
23/8/2025 12:12;8468810;2396220;1;4;84.32;0;-97;16.57;0.23;0.06;0.0;0.0002;Regular
23/8/2025 12:13;2635156;3638744;1;8;97.6;1;-97;17.97;0.07;0.1;0.0;0.0002;Regular
23/8/2025 12:14;9523838;646470;8;4;17.87;0;-83;8.23;0.25;0.02;0.0001;0.0006;Mala
23/8/2025 12:15;6001045;1867223;0;1;26.99;0;-100;12.0;0.16;0.05;0.0;0.0001;Regular
23/8/2025 12:16;5463418;1555146;7;9;87.5;0;-93;23.35;0.15;0.04;0.0001;0.0006;Buena
23/8/2025 12:17;5345760;2928081;5;3;93.01;1;-109;28.24;0.14;0.08;0.0001;0.0001;Regular
23/8/2025 12:18;8153768;4179126;5;8;44.86;0;-90;25.86;0.22;0.11;0.0001;0.0002;Buena
23/8/2025 12:19;4251298;4144843;17;0;9.81;0;-84;16.93;0.11;0.11;0.0004;0.0;Regular
23/8/2025 12:20;5465150;4773445;16;0;8.74;0;-104;12.31;0.15;0.13;0.0003;0.0;Regular
23/8/2025 12:21;9389012;4706419;11;6;59.53;0;-108;9.99;0.25;0.13;0.0001;0.0001;Mala
23/8/2025 12:22;8249903;3684790;5;2;42.33;0;-111;3.75;0.22;0.1;0.0001;0.0001;Mala
23/8/2025 12:23;5897590;3406495;7;9;7.72;0;-88;3.2;0.16;0.09;0.0001;0.0003;Mala
23/8/2025 12:24;7189573;4641363;18;1;60.41;0;-111;20.65;0.19;0.12;0.0003;0.0;Regular
23/8/2025 12:25;2323483;2074833;9;8;6.07;0;-90;7.79;0.06;0.06;0.0004;0.0004;Mala
23/8/2025 12:26;2722320;3427337;0;2;79.8;1;-111;7.64;0.07;0.09;0.0;0.0001;Mala
23/8/2025 12:27;3332517;2548891;12;1;34.11;0;-94;29.95;0.09;0.07;0.0004;0.0;Buena
23/8/2025 12:28;4196340;1670439;16;7;8.82;0;-101;5.64;0.11;0.04;0.0004;0.0004;Mala
23/8/2025 12:29;9551881;4146804;2;9;60.89;0;-103;4.44;0.25;0.11;0.0;0.0002;Mala
23/8/2025 12:30;6387408;1147296;7;5;42.78;0;-88;2.96;0.17;0.03;0.0001;0.0004;Mala
23/8/2025 12:31;6692493;2049302;13;5;97.51;0;-83;17.39;0.18;0.05;0.0002;0.0002;Regular
23/8/2025 12:32;9247752;3622951;2;9;56.7;0;-93;18.84;0.25;0.1;0.0;0.0002;Regular
23/8/2025 12:33;2087341;2178687;15;6;31.15;0;-83;10.96;0.06;0.06;0.0007;0.0003;Regular
23/8/2025 12:34;7195200;1300101;12;6;72.4;0;-98;16.06;0.19;0.03;0.0002;0.0005;Regular
23/8/2025 12:35;4977266;4600612;19;5;30.79;0;-86;23.65;0.13;0.12;0.0004;0.0001;Buena
23/8/2025 12:36;6558956;2459406;16;3;90.9;0;-90;24.54;0.17;0.07;0.0002;0.0001;Buena
23/8/2025 12:37;4031756;1464918;12;8;40.6;0;-100;28.74;0.11;0.04;0.0003;0.0005;Regular
23/8/2025 12:38;1843523;996758;5;5;57.24;0;-103;24.73;0.05;0.03;0.0003;0.0005;Regular
23/8/2025 12:39;9934845;528625;16;3;9.8;0;-83;16.95;0.26;0.01;0.0002;0.0006;Regular
23/8/2025 12:40;5040479;3333552;13;2;45.48;0;-90;5.39;0.13;0.09;0.0003;0.0001;Mala
23/8/2025 12:41;1092193;3931961;16;3;84.07;0;-115;2.99;0.03;0.1;0.0015;0.0001;Mala
23/8/2025 12:42;2186887;1776647;7;2;81.54;0;-114;1.64;0.06;0.05;0.0003;0.0001;Mala
23/8/2025 12:43;9896761;4542608;10;1;26.31;0;-110;20.0;0.26;0.12;0.0001;0.0;Regular
23/8/2025 12:44;4334817;3027576;19;4;26.48;0;-92;24.23;0.12;0.08;0.0004;0.0001;Buena
23/8/2025 12:45;3715514;816205;0;1;82.64;0;-98;15.26;0.1;0.02;0.0;0.0001;Regular
23/8/2025 12:46;3658571;3545315;6;5;93.39;0;-89;1.64;0.1;0.09;0.0002;0.0001;Mala
23/8/2025 12:47;5834357;3644480;16;2;14.06;1;-108;16.06;0.16;0.1;0.0003;0.0001;Regular
23/8/2025 12:48;8102173;4795680;9;5;47.76;0;-88;28.07;0.22;0.13;0.0001;0.0001;Buena
23/8/2025 12:49;5892472;4070834;10;9;37.06;1;-106;17.93;0.16;0.11;0.0002;0.0002;Regular
23/8/2025 12:50;1481680;3430639;8;8;87.72;0;-99;24.28;0.04;0.09;0.0005;0.0002;Regular
23/8/2025 12:51;6165679;3364781;8;0;12.93;0;-87;24.0;0.16;0.09;0.0001;0.0;Buena
23/8/2025 12:52;7180142;4605519;4;5;25.06;0;-110;27.96;0.19;0.12;0.0001;0.0001;Regular
23/8/2025 12:53;6287118;4117860;16;8;76.48;0;-102;23.11;0.17;0.11;0.0003;0.0002;Regular
23/8/2025 12:54;5100673;4852360;8;3;9.87;0;-94;22.43;0.14;0.13;0.0002;0.0001;Buena
23/8/2025 12:55;2534026;4440285;16;1;51.79;0;-110;7.02;0.07;0.12;0.0006;0.0;Mala
23/8/2025 12:56;9704434;3127144;18;3;47.0;0;-90;1.8;0.26;0.08;0.0002;0.0001;Mala
23/8/2025 12:57;4467366;3325896;6;0;36.77;0;-104;15.53;0.12;0.09;0.0001;0.0;Regular
23/8/2025 12:58;1327359;2538540;8;2;42.48;0;-81;3.73;0.04;0.07;0.0006;0.0001;Mala
23/8/2025 12:59;1317537;3239956;6;9;55.34;0;-102;28.87;0.04;0.09;0.0005;0.0003;Regular
23/8/2025 13:00;7953757;3119980;12;8;20.33;0;-94;8.7;0.21;0.08;0.0002;0.0003;Mala
23/8/2025 13:01;1550222;1221384;10;9;59.34;1;-93;25.59;0.04;0.03;0.0006;0.0007;Buena
23/8/2025 13:02;5975026;1019777;13;4;81.52;0;-109;11.63;0.16;0.03;0.0002;0.0004;Regular
23/8/2025 13:03;8795134;4199181;18;5;77.22;0;-91;9.7;0.23;0.11;0.0002;0.0001;Mala
23/8/2025 13:04;3573619;3387698;10;2;19.62;0;-103;28.05;0.1;0.09;0.0003;0.0001;Regular
23/8/2025 13:05;3453752;4730625;12;4;19.18;0;-95;10.9;0.09;0.13;0.0003;0.0001;Regular
23/8/2025 13:06;8265760;2932593;13;7;30.48;0;-106;11.71;0.22;0.08;0.0002;0.0002;Regular
23/8/2025 13:07;2353038;4528812;12;5;39.3;0;-107;3.18;0.06;0.12;0.0005;0.0001;Mala
23/8/2025 13:08;9639483;4531464;0;3;43.8;0;-101;20.11;0.26;0.12;0.0;0.0001;Regular
23/8/2025 13:09;5657693;3890742;7;1;69.57;0;-114;8.67;0.15;0.1;0.0001;0.0;Mala
23/8/2025 13:10;5264694;656498;11;8;10.38;0;-91;17.57;0.14;0.02;0.0002;0.0012;Regular
23/8/2025 13:11;1707689;3387296;18;0;8.29;1;-103;17.74;0.05;0.09;0.0011;0.0;Regular
23/8/2025 13:12;2296516;3236582;11;0;42.23;0;-82;21.58;0.06;0.09;0.0005;0.0;Buena
23/8/2025 13:13;4463351;1600500;7;3;71.23;0;-82;22.36;0.12;0.04;0.0002;0.0002;Buena
23/8/2025 13:14;2854971;2076590;7;6;23.38;0;-81;15.43;0.08;0.06;0.0002;0.0003;Regular
23/8/2025 13:15;2849396;2461977;12;0;65.94;0;-113;9.93;0.08;0.07;0.0004;0.0;Mala
23/8/2025 13:16;3691276;4532654;11;8;29.68;0;-110;25.12;0.1;0.12;0.0003;0.0002;Regular
23/8/2025 13:17;3526954;1164468;15;3;89.18;0;-97;9.3;0.09;0.03;0.0004;0.0003;Mala
23/8/2025 13:18;7549546;3860160;0;2;90.09;0;-113;15.23;0.2;0.1;0.0;0.0001;Regular
23/8/2025 13:19;9007407;3785727;12;0;33.24;0;-98;12.04;0.24;0.1;0.0001;0.0;Regular
23/8/2025 13:20;8385034;1380112;6;9;26.85;0;-107;25.65;0.22;0.04;0.0001;0.0007;Regular
23/8/2025 13:21;8063410;3537099;4;3;44.07;0;-104;12.96;0.22;0.09;0.0;0.0001;Regular
23/8/2025 13:22;9001482;4774277;7;8;27.85;0;-111;11.58;0.24;0.13;0.0001;0.0002;Regular
23/8/2025 13:23;2072647;4495609;13;9;68.88;0;-113;20.69;0.06;0.12;0.0006;0.0002;Regular
23/8/2025 13:24;2631107;2542823;12;5;83.48;0;-105;18.07;0.07;0.07;0.0005;0.0002;Regular
23/8/2025 13:25;6106563;1548173;14;5;68.94;0;-86;3.22;0.16;0.04;0.0002;0.0003;Mala
23/8/2025 13:26;9234679;2002025;16;0;83.31;0;-112;15.25;0.25;0.05;0.0002;0.0;Regular
23/8/2025 13:27;7463768;3091661;14;9;42.71;0;-111;22.06;0.2;0.08;0.0002;0.0003;Regular
23/8/2025 13:28;6606594;2412584;19;1;19.85;0;-115;29.76;0.18;0.06;0.0003;0.0;Regular
23/8/2025 13:29;2950367;4277538;17;5;75.11;0;-89;18.87;0.08;0.11;0.0006;0.0001;Regular
23/8/2025 13:30;2910705;725049;17;1;39.25;0;-88;11.11;0.08;0.02;0.0006;0.0001;Regular
23/8/2025 13:31;2601596;1817191;1;2;68.77;0;-87;6.78;0.07;0.05;0.0;0.0001;Mala
23/8/2025 13:32;4791481;3361509;3;3;30.71;0;-98;26.18;0.13;0.09;0.0001;0.0001;Regular
23/8/2025 13:33;6123122;1247419;0;4;12.72;0;-104;24.44;0.16;0.03;0.0;0.0003;Regular
23/8/2025 13:34;8757202;1579924;3;8;99.3;0;-103;7.02;0.23;0.04;0.0;0.0005;Mala
23/8/2025 13:35;7348564;2880932;17;3;19.84;0;-114;6.02;0.2;0.08;0.0002;0.0001;Mala
23/8/2025 13:36;5150276;2154753;4;8;98.9;0;-100;21.45;0.14;0.06;0.0001;0.0004;Regular
23/8/2025 13:37;6723601;904772;18;9;97.84;0;-92;9.45;0.18;0.02;0.0003;0.001;Mala
23/8/2025 13:38;6354075;2215499;14;2;80.41;0;-81;9.19;0.17;0.06;0.0002;0.0001;Mala
23/8/2025 13:39;6279548;1071107;7;7;67.65;0;-94;4.57;0.17;0.03;0.0001;0.0007;Mala
23/8/2025 13:40;3382357;2575406;19;0;59.89;0;-105;7.92;0.09;0.07;0.0006;0.0;Mala
23/8/2025 13:41;8904069;3017334;16;8;87.28;0;-87;12.83;0.24;0.08;0.0002;0.0003;Regular
23/8/2025 13:42;3245131;2586213;0;8;32.5;0;-81;21.99;0.09;0.07;0.0;0.0003;Buena
23/8/2025 13:43;5246049;3858509;11;9;49.43;1;-101;10.09;0.14;0.1;0.0002;0.0002;Regular
23/8/2025 13:44;9480473;3279499;18;1;63.84;0;-85;9.86;0.25;0.09;0.0002;0.0;Mala
23/8/2025 13:45;6455770;2413722;14;3;44.06;1;-100;8.55;0.17;0.06;0.0002;0.0001;Mala
23/8/2025 13:46;2072200;3310860;8;7;45.61;0;-106;14.35;0.06;0.09;0.0004;0.0002;Regular
23/8/2025 13:47;3906158;1048884;6;6;36.38;0;-84;5.42;0.1;0.03;0.0002;0.0006;Mala
23/8/2025 13:48;2222869;2499254;1;0;58.6;0;-114;14.57;0.06;0.07;0.0;0.0;Regular
23/8/2025 13:49;4125354;1487471;8;4;85.8;0;-92;21.13;0.11;0.04;0.0002;0.0003;Buena
23/8/2025 13:50;5782883;4753486;9;6;24.15;0;-93;0.89;0.15;0.13;0.0002;0.0001;Mala
23/8/2025 13:51;7501632;4656532;1;3;93.77;0;-114;0.29;0.2;0.12;0.0;0.0001;Mala
23/8/2025 13:52;4982588;2201667;18;0;70.46;0;-85;2.25;0.13;0.06;0.0004;0.0;Mala
23/8/2025 13:53;9083123;4117556;10;8;83.21;0;-90;16.07;0.24;0.11;0.0001;0.0002;Regular
23/8/2025 13:54;7160686;3367340;12;4;57.84;0;-87;25.63;0.19;0.09;0.0002;0.0001;Buena
23/8/2025 13:55;1635605;758517;9;1;79.05;0;-113;0.15;0.04;0.02;0.0006;0.0001;Mala
23/8/2025 13:56;8479821;1857133;13;7;6.54;0;-102;28.1;0.23;0.05;0.0002;0.0004;Regular
23/8/2025 13:57;5583897;1205475;17;1;82.75;0;-91;3.19;0.15;0.03;0.0003;0.0001;Mala
23/8/2025 13:58;8413718;4439311;18;2;8.81;1;-115;25.26;0.22;0.12;0.0002;0.0;Regular
23/8/2025 13:59;1067661;1248013;8;9;89.54;0;-113;14.49;0.03;0.03;0.0007;0.0007;Regular
23/8/2025 14:00;7859991;3288890;6;0;99.24;1;-90;19.78;0.21;0.09;0.0001;0.0;Regular
23/8/2025 14:01;8585153;1752078;2;1;32.94;0;-98;15.32;0.23;0.05;0.0;0.0001;Regular
23/8/2025 14:02;6914988;4838843;19;6;24.98;0;-107;14.31;0.18;0.13;0.0003;0.0001;Regular
23/8/2025 14:03;7558221;924226;5;9;77.71;0;-93;25.05;0.2;0.02;0.0001;0.001;Buena
23/8/2025 14:04;2307506;4167591;1;1;29.04;0;-95;22.68;0.06;0.11;0.0;0.0;Regular
23/8/2025 14:05;3901614;3767727;5;5;87.23;0;-115;14.5;0.1;0.1;0.0001;0.0001;Regular
23/8/2025 14:06;3966422;4617923;2;2;14.77;0;-95;3.35;0.11;0.12;0.0001;0.0;Mala
23/8/2025 14:07;4708654;4103101;15;3;16.97;0;-89;3.46;0.13;0.11;0.0003;0.0001;Mala
23/8/2025 14:08;8315436;1198956;7;7;98.02;0;-110;24.05;0.22;0.03;0.0001;0.0006;Regular
23/8/2025 14:09;1118033;4401529;1;2;69.01;0;-88;15.88;0.03;0.12;0.0001;0.0;Regular
23/8/2025 14:10;6872354;3903096;16;9;85.45;0;-99;14.45;0.18;0.1;0.0002;0.0002;Regular
23/8/2025 14:11;2215502;4780669;8;5;35.81;0;-113;20.42;0.06;0.13;0.0004;0.0001;Regular
23/8/2025 14:12;3319049;1254950;11;0;69.27;0;-104;25.77;0.09;0.03;0.0003;0.0;Regular
23/8/2025 14:13;7292518;675211;2;6;61.45;0;-104;18.87;0.19;0.02;0.0;0.0009;Regular
23/8/2025 14:14;8587768;4592966;10;7;62.3;0;-114;22.89;0.23;0.12;0.0001;0.0002;Regular
23/8/2025 14:15;4720464;4757950;0;7;69.84;0;-94;22.96;0.13;0.13;0.0;0.0001;Buena
23/8/2025 14:16;3192614;765798;12;2;59.66;0;-93;10.69;0.09;0.02;0.0004;0.0003;Regular
23/8/2025 14:17;1770173;2030814;14;9;45.76;0;-86;8.22;0.05;0.05;0.0008;0.0004;Mala
23/8/2025 14:18;6642264;2383376;4;0;31.21;0;-111;24.03;0.18;0.06;0.0001;0.0;Regular
23/8/2025 14:19;1467010;4391113;16;8;78.02;0;-107;11.32;0.04;0.12;0.0011;0.0002;Regular
23/8/2025 14:20;2655016;3521097;5;5;26.5;0;-95;27.1;0.07;0.09;0.0002;0.0001;Regular
23/8/2025 14:21;5221038;655683;10;8;70.77;1;-105;2.09;0.14;0.02;0.0002;0.0012;Mala
23/8/2025 14:22;9376430;3503475;17;6;27.17;1;-111;1.75;0.25;0.09;0.0002;0.0002;Mala
23/8/2025 14:23;4880993;2487755;3;0;64.41;0;-81;27.81;0.13;0.07;0.0001;0.0;Buena
23/8/2025 14:24;3568103;2406039;2;0;75.97;0;-89;19.45;0.1;0.06;0.0001;0.0;Regular
23/8/2025 14:25;9469872;1955465;12;5;25.78;0;-114;11.39;0.25;0.05;0.0001;0.0003;Regular
23/8/2025 14:26;9411883;4692814;8;4;10.69;0;-92;22.65;0.25;0.13;0.0001;0.0001;Buena
23/8/2025 14:27;7482532;1494170;5;8;17.44;0;-85;20.17;0.2;0.04;0.0001;0.0005;Buena
23/8/2025 14:28;6196467;3209644;11;1;62.57;0;-83;15.94;0.17;0.09;0.0002;0.0;Regular
23/8/2025 14:29;6952793;711830;1;7;85.7;1;-86;2.97;0.19;0.02;0.0;0.001;Mala
23/8/2025 14:30;9961343;4062613;2;4;9.27;0;-88;24.37;0.27;0.11;0.0;0.0001;Buena
23/8/2025 14:31;3000609;3829049;2;1;74.74;0;-85;25.98;0.08;0.1;0.0001;0.0;Buena
23/8/2025 14:32;3697143;1021998;11;9;37.43;0;-105;5.17;0.1;0.03;0.0003;0.0009;Mala
23/8/2025 14:33;2314532;4560119;14;5;50.46;0;-93;25.52;0.06;0.12;0.0006;0.0001;Buena
23/8/2025 14:34;1421240;4246169;8;9;93.24;0;-114;26.34;0.04;0.11;0.0006;0.0002;Regular
23/8/2025 14:35;1944789;575388;7;7;36.54;1;-89;16.48;0.05;0.02;0.0004;0.0012;Regular
23/8/2025 14:36;3213573;2275767;10;3;49.21;0;-81;19.69;0.09;0.06;0.0003;0.0001;Regular
23/8/2025 14:37;9914501;2829753;15;1;6.3;0;-114;11.47;0.26;0.08;0.0002;0.0;Regular
23/8/2025 14:38;3255363;1997618;3;4;12.75;0;-95;8.45;0.09;0.05;0.0001;0.0002;Mala
23/8/2025 14:39;9375741;4521080;0;1;29.57;0;-111;21.66;0.25;0.12;0.0;0.0;Regular
23/8/2025 14:40;6056861;4928690;6;1;7.65;0;-95;25.86;0.16;0.13;0.0001;0.0;Regular
23/8/2025 14:41;7436446;3989443;1;5;64.98;0;-87;19.62;0.2;0.11;0.0;0.0001;Regular
23/8/2025 14:42;5148887;3058944;4;9;45.51;0;-96;15.35;0.14;0.08;0.0001;0.0003;Regular
23/8/2025 14:43;4668866;1001174;6;8;57.07;0;-96;4.77;0.12;0.03;0.0001;0.0008;Mala
23/8/2025 14:44;5612338;3381777;3;3;21.59;0;-91;1.6;0.15;0.09;0.0001;0.0001;Mala
23/8/2025 14:45;2033255;3248996;4;5;33.11;0;-114;13.37;0.05;0.09;0.0002;0.0002;Regular
23/8/2025 14:46;8082212;695246;0;6;68.06;0;-84;1.48;0.22;0.02;0.0;0.0009;Mala
23/8/2025 14:47;9202787;4196176;0;5;96.7;0;-90;17.08;0.25;0.11;0.0;0.0001;Regular
23/8/2025 14:48;5989847;2843394;14;7;9.79;0;-110;11.48;0.16;0.08;0.0002;0.0002;Regular
23/8/2025 14:49;9929285;1011083;19;3;89.59;0;-113;22.72;0.26;0.03;0.0002;0.0003;Regular
23/8/2025 14:50;8643603;1512384;18;0;59.8;0;-83;9.17;0.23;0.04;0.0002;0.0;Mala
23/8/2025 14:51;4094235;1366964;9;6;58.57;0;-115;17.79;0.11;0.04;0.0002;0.0004;Regular
23/8/2025 14:52;6986126;549104;17;2;52.53;0;-111;16.13;0.19;0.01;0.0002;0.0004;Regular
23/8/2025 14:53;3859653;3556277;2;5;11.59;0;-103;0.14;0.1;0.09;0.0001;0.0001;Mala
23/8/2025 14:54;1387952;1363663;10;1;13.54;0;-97;2.17;0.04;0.04;0.0007;0.0001;Mala
23/8/2025 14:55;2030117;4900072;14;8;62.09;0;-104;8.71;0.05;0.13;0.0007;0.0002;Mala
23/8/2025 14:56;3896818;1706861;10;0;37.39;0;-91;26.47;0.1;0.05;0.0003;0.0;Buena
23/8/2025 14:57;3357821;3619612;16;5;92.14;0;-81;4.41;0.09;0.1;0.0005;0.0001;Mala
23/8/2025 14:58;9913742;3391005;16;5;43.63;0;-104;21.33;0.26;0.09;0.0002;0.0001;Regular
23/8/2025 14:59;6584263;757681;5;4;18.61;0;-86;29.2;0.18;0.02;0.0001;0.0005;Buena
23/8/2025 15:00;1244761;594018;4;4;72.9;0;-111;23.72;0.03;0.02;0.0003;0.0007;Regular
23/8/2025 15:01;9386180;2498197;7;0;32.87;0;-82;7.29;0.25;0.07;0.0001;0.0;Mala
23/8/2025 15:02;1064323;2554780;1;9;54.92;0;-94;27.25;0.03;0.07;0.0001;0.0004;Buena
23/8/2025 15:03;2237715;3939782;15;4;71.29;0;-103;2.79;0.06;0.11;0.0007;0.0001;Mala
23/8/2025 15:04;9040979;4923408;19;1;90.53;0;-113;14.04;0.24;0.13;0.0002;0.0;Regular
23/8/2025 15:05;1954480;1342186;11;6;80.26;0;-96;26.63;0.05;0.04;0.0006;0.0004;Regular
23/8/2025 15:06;7681134;4887814;5;2;69.25;0;-85;19.24;0.2;0.13;0.0001;0.0;Regular
23/8/2025 15:07;1854016;1993293;0;3;69.57;0;-111;12.41;0.05;0.05;0.0;0.0002;Regular
23/8/2025 15:08;6347417;3051314;3;2;94.86;0;-92;8.78;0.17;0.08;0.0;0.0001;Mala
23/8/2025 15:09;6809701;1624905;16;2;33.1;0;-83;11.25;0.18;0.04;0.0002;0.0001;Regular
23/8/2025 15:10;9671370;3605958;12;3;5.11;1;-108;15.27;0.26;0.1;0.0001;0.0001;Regular
23/8/2025 15:11;3883427;3758084;17;4;30.84;1;-92;9.57;0.1;0.1;0.0004;0.0001;Mala
23/8/2025 15:12;2416012;704451;4;0;25.7;0;-96;29.07;0.06;0.02;0.0002;0.0;Regular
23/8/2025 15:13;6752810;2480290;2;3;67.87;0;-100;27.99;0.18;0.07;0.0;0.0001;Regular
23/8/2025 15:14;1571650;3924328;10;7;65.2;0;-104;26.12;0.04;0.1;0.0006;0.0002;Regular
23/8/2025 15:15;5476576;903322;12;9;61.38;0;-103;12.65;0.15;0.02;0.0002;0.001;Regular
23/8/2025 15:16;9774533;4810796;3;6;6.54;0;-91;20.74;0.26;0.13;0.0;0.0001;Buena
23/8/2025 15:17;3863793;4577716;13;8;74.23;0;-84;27.08;0.1;0.12;0.0003;0.0002;Buena
23/8/2025 15:18;5909047;4859879;10;4;35.74;0;-92;25.51;0.16;0.13;0.0002;0.0001;Buena
23/8/2025 15:19;7881289;2590545;9;9;68.18;0;-107;12.43;0.21;0.07;0.0001;0.0003;Regular
23/8/2025 15:20;8422212;2408802;18;3;57.87;0;-93;3.37;0.22;0.06;0.0002;0.0001;Mala
23/8/2025 15:21;4757974;2048075;17;7;37.56;0;-103;2.27;0.13;0.05;0.0004;0.0003;Mala
23/8/2025 15:22;9791689;993948;5;8;17.78;1;-84;17.31;0.26;0.03;0.0001;0.0008;Regular
23/8/2025 15:23;8211179;4668962;14;6;13.97;0;-101;19.28;0.22;0.12;0.0002;0.0001;Regular
23/8/2025 15:24;9767500;4244085;9;6;83.99;0;-111;25.5;0.26;0.11;0.0001;0.0001;Regular
23/8/2025 15:25;5199591;1280641;4;4;92.25;1;-94;8.78;0.14;0.03;0.0001;0.0003;Mala
23/8/2025 15:26;6500545;4966134;4;3;66.73;0;-100;5.02;0.17;0.13;0.0001;0.0001;Mala
23/8/2025 15:27;9291923;2054205;9;9;14.83;0;-106;11.37;0.25;0.05;0.0001;0.0004;Regular
23/8/2025 15:28;4154240;2204597;4;0;43.19;0;-92;10.61;0.11;0.06;0.0001;0.0;Regular
23/8/2025 15:29;8796324;4265689;2;9;74.25;0;-98;3.97;0.23;0.11;0.0;0.0002;Mala
23/8/2025 15:30;9112074;3051331;5;9;79.08;0;-98;20.17;0.24;0.08;0.0001;0.0003;Regular
23/8/2025 15:31;3190222;3627748;3;6;16.23;0;-109;15.26;0.09;0.1;0.0001;0.0002;Regular
23/8/2025 15:32;3719269;1335036;17;0;5.0;0;-112;21.63;0.1;0.04;0.0005;0.0;Regular
23/8/2025 15:33;8235574;2869822;8;0;72.65;0;-90;10.58;0.22;0.08;0.0001;0.0;Regular
23/8/2025 15:34;6672354;4501070;16;4;38.88;0;-111;9.77;0.18;0.12;0.0002;0.0001;Mala
23/8/2025 15:35;6205597;2888278;12;8;29.18;1;-100;14.18;0.17;0.08;0.0002;0.0003;Regular
23/8/2025 15:36;6284958;3383791;14;5;6.23;0;-81;26.32;0.17;0.09;0.0002;0.0001;Buena
23/8/2025 15:37;1786667;4680413;19;2;56.33;0;-90;1.21;0.05;0.12;0.0011;0.0;Mala
23/8/2025 15:38;2712503;3996605;16;2;85.86;0;-98;24.14;0.07;0.11;0.0006;0.0001;Regular
23/8/2025 15:39;4609736;1805487;12;6;95.98;0;-87;11.07;0.12;0.05;0.0003;0.0003;Regular
23/8/2025 15:40;9060833;808623;15;5;58.75;1;-93;25.64;0.24;0.02;0.0002;0.0006;Buena
23/8/2025 15:41;7638155;4147371;3;8;53.87;0;-102;24.07;0.2;0.11;0.0;0.0002;Regular
23/8/2025 15:42;2384418;3796903;4;5;13.08;0;-101;10.46;0.06;0.1;0.0002;0.0001;Regular
23/8/2025 15:43;1386594;2768115;4;4;57.14;0;-83;20.82;0.04;0.07;0.0003;0.0001;Buena
23/8/2025 15:44;3869760;1690402;8;9;41.1;0;-91;4.79;0.1;0.05;0.0002;0.0005;Mala
23/8/2025 15:45;2092501;1647116;16;6;62.68;0;-95;26.89;0.06;0.04;0.0008;0.0004;Regular
23/8/2025 15:46;6238331;3456566;12;0;41.93;0;-99;12.13;0.17;0.09;0.0002;0.0;Regular
23/8/2025 15:47;9525631;4272763;1;6;27.83;0;-93;13.67;0.25;0.11;0.0;0.0001;Regular
23/8/2025 15:48;2135964;810375;12;2;14.02;0;-99;21.17;0.06;0.02;0.0006;0.0002;Regular
23/8/2025 15:49;3155748;2626453;18;8;34.92;0;-102;24.63;0.08;0.07;0.0006;0.0003;Regular
23/8/2025 15:50;4925282;1771300;2;5;14.18;0;-87;7.09;0.13;0.05;0.0;0.0003;Mala
23/8/2025 15:51;1873172;4159731;9;8;21.81;0;-96;19.84;0.05;0.11;0.0005;0.0002;Regular
23/8/2025 15:52;9910852;4888087;1;4;98.8;0;-86;11.76;0.26;0.13;0.0;0.0001;Regular
23/8/2025 15:53;6655378;4342411;12;6;47.19;1;-97;11.06;0.18;0.12;0.0002;0.0001;Regular
23/8/2025 15:54;5873594;1515416;18;3;55.53;0;-103;20.7;0.16;0.04;0.0003;0.0002;Regular
23/8/2025 15:55;5063309;2814181;16;6;87.99;0;-98;11.62;0.14;0.08;0.0003;0.0002;Regular
23/8/2025 15:56;7941245;3904231;13;0;99.58;0;-93;10.38;0.21;0.1;0.0002;0.0;Regular
23/8/2025 15:57;8817304;3765696;11;6;60.36;0;-83;25.08;0.24;0.1;0.0001;0.0002;Buena
23/8/2025 15:58;1829735;4705003;11;7;82.19;0;-98;3.04;0.05;0.13;0.0006;0.0001;Mala
23/8/2025 15:59;8021862;3841861;10;4;36.06;0;-107;20.28;0.21;0.1;0.0001;0.0001;Regular
23/8/2025 16:00;9351245;3115804;6;1;34.05;0;-83;7.46;0.25;0.08;0.0001;0.0;Mala
23/8/2025 16:01;6282591;4812717;3;4;43.26;0;-84;0.46;0.17;0.13;0.0;0.0001;Mala
23/8/2025 16:02;8483058;2482243;18;5;68.89;0;-99;5.0;0.23;0.07;0.0002;0.0002;Mala
23/8/2025 16:03;3562469;2192128;0;1;69.81;0;-97;18.2;0.09;0.06;0.0;0.0;Regular
23/8/2025 16:04;4086176;3913654;2;5;34.95;0;-89;21.27;0.11;0.1;0.0;0.0001;Buena
23/8/2025 16:05;7509590;3770209;12;5;17.65;0;-110;0.63;0.2;0.1;0.0002;0.0001;Mala
23/8/2025 16:06;6345854;715400;14;0;65.08;1;-81;1.09;0.17;0.02;0.0002;0.0;Mala
23/8/2025 16:07;8490200;3157025;1;0;17.19;0;-82;27.08;0.23;0.08;0.0;0.0;Buena
23/8/2025 16:08;5883680;3824664;10;9;59.96;0;-96;2.2;0.16;0.1;0.0002;0.0002;Mala
23/8/2025 16:09;4681262;4094058;3;2;70.88;0;-91;26.83;0.12;0.11;0.0001;0.0;Buena
23/8/2025 16:10;5633078;2635219;18;9;71.56;0;-112;6.84;0.15;0.07;0.0003;0.0003;Mala
23/8/2025 16:11;3609089;2246621;16;9;76.58;0;-106;22.2;0.1;0.06;0.0004;0.0004;Regular
23/8/2025 16:12;3508749;4712377;2;2;87.92;0;-106;9.29;0.09;0.13;0.0001;0.0;Mala
23/8/2025 16:13;1914228;4730339;17;3;52.5;0;-92;25.76;0.05;0.13;0.0009;0.0001;Buena
23/8/2025 16:14;1953959;1744625;7;1;74.37;0;-95;21.01;0.05;0.05;0.0004;0.0001;Regular
23/8/2025 16:15;8905477;733782;18;8;63.82;0;-105;12.05;0.24;0.02;0.0002;0.0011;Regular
23/8/2025 16:16;4369538;4235466;4;9;22.73;0;-89;2.29;0.12;0.11;0.0001;0.0002;Mala
23/8/2025 16:17;1345266;2083246;6;6;7.44;0;-100;21.98;0.04;0.06;0.0004;0.0003;Regular
23/8/2025 16:18;5537358;1226331;7;6;32.03;0;-90;18.51;0.15;0.03;0.0001;0.0005;Regular
23/8/2025 16:19;7867100;2294291;4;5;47.09;0;-86;0.09;0.21;0.06;0.0001;0.0002;Mala
23/8/2025 16:20;6275034;4398606;16;2;63.63;1;-100;0.28;0.17;0.12;0.0003;0.0;Mala
23/8/2025 16:21;8553974;3482448;4;5;85.75;0;-109;24.26;0.23;0.09;0.0;0.0001;Regular
23/8/2025 16:22;7097091;3378117;3;7;23.64;0;-100;7.78;0.19;0.09;0.0;0.0002;Mala
23/8/2025 16:23;4177993;4981617;18;7;16.93;0;-81;19.08;0.11;0.13;0.0004;0.0001;Regular
23/8/2025 16:24;8705092;4781772;1;8;96.53;1;-100;13.63;0.23;0.13;0.0;0.0002;Regular
23/8/2025 16:25;8583354;2543037;10;0;15.26;0;-104;25.9;0.23;0.07;0.0001;0.0;Regular
23/8/2025 16:26;4131209;4886007;12;0;50.46;1;-81;27.51;0.11;0.13;0.0003;0.0;Buena
23/8/2025 16:27;6813365;4233149;14;2;60.63;0;-95;29.9;0.18;0.11;0.0002;0.0;Regular
23/8/2025 16:28;5057893;3587821;11;2;56.43;0;-99;4.61;0.13;0.1;0.0002;0.0001;Mala
23/8/2025 16:29;6691276;3304802;10;9;13.17;1;-84;25.89;0.18;0.09;0.0001;0.0003;Buena
23/8/2025 16:30;6397662;4657263;6;7;10.42;0;-110;7.98;0.17;0.12;0.0001;0.0002;Mala
23/8/2025 16:31;2805468;4988198;4;9;15.02;0;-92;17.72;0.07;0.13;0.0001;0.0002;Regular
23/8/2025 16:32;4427975;2113325;16;0;60.63;0;-89;15.17;0.12;0.06;0.0004;0.0;Regular
23/8/2025 16:33;7356228;4112744;19;1;56.71;0;-96;0.54;0.2;0.11;0.0003;0.0;Mala
23/8/2025 16:34;9514716;1626798;8;1;27.21;1;-91;27.98;0.25;0.04;0.0001;0.0001;Buena
23/8/2025 16:35;6525633;3233460;13;2;65.59;0;-114;2.35;0.17;0.09;0.0002;0.0001;Mala
23/8/2025 16:36;3080154;4615362;11;5;82.91;0;-107;20.65;0.08;0.12;0.0004;0.0001;Regular
23/8/2025 16:37;3244702;2203377;5;0;8.95;0;-88;23.55;0.09;0.06;0.0002;0.0;Buena
23/8/2025 16:38;4377778;1752557;16;1;52.32;0;-113;23.86;0.12;0.05;0.0004;0.0001;Regular
23/8/2025 16:39;6735193;4798515;18;0;70.48;0;-96;4.06;0.18;0.13;0.0003;0.0;Mala
23/8/2025 16:40;8726890;3832049;18;4;28.97;0;-110;13.43;0.23;0.1;0.0002;0.0001;Regular
23/8/2025 16:41;6897498;1990687;15;6;34.24;0;-83;24.88;0.18;0.05;0.0002;0.0003;Buena
23/8/2025 16:42;9357956;1423160;11;7;63.3;1;-115;9.08;0.25;0.04;0.0001;0.0005;Mala
23/8/2025 16:43;9204298;4557025;11;9;90.3;0;-110;14.03;0.25;0.12;0.0001;0.0002;Regular
23/8/2025 16:44;9776957;4102684;19;0;81.94;0;-82;8.18;0.26;0.11;0.0002;0.0;Mala
23/8/2025 16:45;6843493;3447893;5;6;60.4;1;-101;13.91;0.18;0.09;0.0001;0.0002;Regular
23/8/2025 16:46;4386501;4288963;3;4;74.37;0;-90;26.64;0.12;0.11;0.0001;0.0001;Buena
23/8/2025 16:47;8395350;4374910;5;9;39.66;0;-102;13.65;0.22;0.12;0.0001;0.0002;Regular
23/8/2025 16:48;5588334;3651629;10;0;65.89;0;-109;16.68;0.15;0.1;0.0002;0.0;Regular
23/8/2025 16:49;9464685;2759776;0;2;49.29;0;-85;12.12;0.25;0.07;0.0;0.0001;Regular
23/8/2025 16:50;8168362;3868045;14;6;23.04;0;-92;13.8;0.22;0.1;0.0002;0.0002;Regular
23/8/2025 16:51;5327819;4840092;10;9;71.67;1;-85;0.46;0.14;0.13;0.0002;0.0002;Mala
23/8/2025 16:52;8284953;3132578;18;0;57.86;0;-87;8.51;0.22;0.08;0.0002;0.0;Mala
23/8/2025 16:53;2255564;1468616;17;6;39.07;0;-84;13.1;0.06;0.04;0.0008;0.0004;Regular
23/8/2025 16:54;9514493;4717733;16;4;91.58;0;-99;19.01;0.25;0.13;0.0002;0.0001;Regular
23/8/2025 16:55;9930264;1750956;18;0;6.99;0;-102;13.5;0.26;0.05;0.0002;0.0;Regular
23/8/2025 16:56;5424507;1990036;13;0;35.0;0;-92;10.13;0.14;0.05;0.0002;0.0;Regular
23/8/2025 16:57;3792427;3369729;17;0;10.4;0;-89;11.64;0.1;0.09;0.0004;0.0;Regular
23/8/2025 16:58;4357679;2309377;18;8;77.82;0;-91;7.27;0.12;0.06;0.0004;0.0003;Mala
23/8/2025 16:59;6748035;1565923;14;2;71.7;0;-84;27.73;0.18;0.04;0.0002;0.0001;Buena
23/8/2025 17:00;5390020;2220856;14;4;36.48;0;-98;15.65;0.14;0.06;0.0003;0.0002;Regular
23/8/2025 17:01;3681719;1056110;3;9;69.19;0;-98;0.4;0.1;0.03;0.0001;0.0009;Mala
23/8/2025 17:02;1890695;1464163;6;8;42.61;0;-90;0.58;0.05;0.04;0.0003;0.0005;Mala
23/8/2025 17:03;1838761;3512539;12;5;76.84;0;-107;29.19;0.05;0.09;0.0007;0.0001;Regular
23/8/2025 17:04;8367664;4702271;2;8;48.15;0;-81;6.64;0.22;0.13;0.0;0.0002;Mala
23/8/2025 17:05;9888923;4542879;15;7;44.17;0;-108;24.17;0.26;0.12;0.0002;0.0002;Regular
23/8/2025 17:06;6352825;4181887;8;7;93.8;0;-96;1.75;0.17;0.11;0.0001;0.0002;Mala
23/8/2025 17:07;9887324;2822523;7;0;28.83;0;-94;27.63;0.26;0.08;0.0001;0.0;Buena
23/8/2025 17:08;4321127;4375358;19;8;16.44;0;-97;26.23;0.12;0.12;0.0004;0.0002;Regular
23/8/2025 17:09;3559272;1713261;12;5;60.53;0;-86;17.13;0.09;0.05;0.0003;0.0003;Regular
23/8/2025 17:10;3276106;751537;16;8;97.09;0;-88;0.27;0.09;0.02;0.0005;0.0011;Mala
23/8/2025 17:11;7960534;2256124;16;2;40.89;0;-81;7.73;0.21;0.06;0.0002;0.0001;Mala
23/8/2025 17:12;8374592;1341531;16;2;10.89;0;-105;12.2;0.22;0.04;0.0002;0.0001;Regular
23/8/2025 17:13;7575716;1364645;0;5;37.23;0;-85;13.8;0.2;0.04;0.0;0.0004;Regular
23/8/2025 17:14;3002324;1928127;7;8;53.06;0;-86;8.93;0.08;0.05;0.0002;0.0004;Mala
23/8/2025 17:15;7262105;971082;18;6;20.38;0;-93;0.99;0.19;0.03;0.0002;0.0006;Mala
23/8/2025 17:16;7671318;2421277;5;2;67.52;0;-97;17.7;0.2;0.06;0.0001;0.0001;Regular
23/8/2025 17:17;1494592;4754849;2;2;99.79;0;-104;15.72;0.04;0.13;0.0001;0.0;Regular
23/8/2025 17:18;4578226;3947794;4;1;47.92;0;-101;8.49;0.12;0.11;0.0001;0.0;Mala
23/8/2025 17:19;7149031;2115777;12;8;38.7;0;-85;1.14;0.19;0.06;0.0002;0.0004;Mala
23/8/2025 17:20;3427540;4004905;14;2;43.07;0;-101;29.84;0.09;0.11;0.0004;0.0;Regular
23/8/2025 17:21;2715630;4012664;13;4;15.94;1;-87;14.46;0.07;0.11;0.0005;0.0001;Regular
23/8/2025 17:22;1318408;1473181;15;8;88.91;0;-90;22.68;0.04;0.04;0.0011;0.0005;Buena
23/8/2025 17:23;9856884;3616810;17;7;44.41;0;-114;13.57;0.26;0.1;0.0002;0.0002;Regular
23/8/2025 17:24;9900019;1991633;10;1;41.79;1;-96;1.3;0.26;0.05;0.0001;0.0001;Mala
23/8/2025 17:25;4117172;2033854;2;2;67.67;0;-101;9.29;0.11;0.05;0.0;0.0001;Mala
23/8/2025 17:26;7304680;2561774;9;1;46.99;0;-112;9.6;0.19;0.07;0.0001;0.0;Mala
23/8/2025 17:27;5235042;3290358;9;7;66.58;0;-94;25.15;0.14;0.09;0.0002;0.0002;Buena
23/8/2025 17:28;2898739;4360562;15;5;10.84;0;-93;19.63;0.08;0.12;0.0005;0.0001;Regular
23/8/2025 17:29;2017433;3690664;11;5;82.3;0;-90;8.26;0.05;0.1;0.0005;0.0001;Mala
23/8/2025 17:30;9104010;2265524;1;8;94.35;0;-105;29.03;0.24;0.06;0.0;0.0004;Regular
23/8/2025 17:31;5661029;1750632;8;7;66.63;0;-88;9.65;0.15;0.05;0.0001;0.0004;Mala
23/8/2025 17:32;4678086;2822621;2;3;95.68;1;-114;29.95;0.12;0.08;0.0;0.0001;Regular
23/8/2025 17:33;2581530;637478;14;3;19.39;0;-108;29.88;0.07;0.02;0.0005;0.0005;Regular
23/8/2025 17:34;3087258;3743087;2;8;50.35;0;-87;5.74;0.08;0.1;0.0001;0.0002;Mala
23/8/2025 17:35;5856447;1409711;18;0;62.17;0;-105;9.38;0.16;0.04;0.0003;0.0;Mala
23/8/2025 17:36;9369066;4211584;17;1;60.26;0;-98;14.58;0.25;0.11;0.0002;0.0;Regular
23/8/2025 17:37;7857658;2119715;7;1;43.14;0;-102;19.92;0.21;0.06;0.0001;0.0;Regular
23/8/2025 17:38;1996530;3090310;16;5;37.12;0;-106;15.84;0.05;0.08;0.0008;0.0002;Regular
23/8/2025 17:39;3601623;2127687;7;3;17.05;0;-81;29.08;0.1;0.06;0.0002;0.0001;Buena
23/8/2025 17:40;7231219;1460612;6;9;42.22;0;-107;21.72;0.19;0.04;0.0001;0.0006;Regular
23/8/2025 17:41;5108997;927387;6;2;20.45;0;-81;6.36;0.14;0.02;0.0001;0.0002;Mala
23/8/2025 17:42;4364695;4146259;2;2;74.76;0;-105;3.15;0.12;0.11;0.0;0.0;Mala
23/8/2025 17:43;2045482;2044613;0;2;24.84;0;-104;20.65;0.05;0.05;0.0;0.0001;Regular
23/8/2025 17:44;6786265;1797638;3;5;10.56;0;-113;4.75;0.18;0.05;0.0;0.0003;Mala
23/8/2025 17:45;6908635;2654174;4;7;57.47;1;-102;23.63;0.18;0.07;0.0001;0.0003;Regular
23/8/2025 17:46;8487345;2930525;0;6;61.55;0;-88;9.33;0.23;0.08;0.0;0.0002;Mala
23/8/2025 17:47;1570451;3595010;14;3;87.83;0;-105;9.81;0.04;0.1;0.0009;0.0001;Mala
23/8/2025 17:48;9408424;2956070;4;3;59.81;0;-91;0.32;0.25;0.08;0.0;0.0001;Mala
23/8/2025 17:49;1967344;989626;12;9;37.82;0;-95;21.03;0.05;0.03;0.0006;0.0009;Regular
23/8/2025 17:50;3412149;788859;7;1;81.29;0;-106;3.4;0.09;0.02;0.0002;0.0001;Mala
23/8/2025 17:51;6398869;2046236;7;0;56.33;0;-101;23.19;0.17;0.05;0.0001;0.0;Regular
23/8/2025 17:52;4352252;4501412;4;8;12.53;0;-97;14.76;0.12;0.12;0.0001;0.0002;Regular
23/8/2025 17:53;4732839;2790870;8;1;58.76;0;-94;23.53;0.13;0.07;0.0002;0.0;Buena
23/8/2025 17:54;8022336;1094305;0;7;91.26;0;-95;17.52;0.21;0.03;0.0;0.0006;Regular
23/8/2025 17:55;6768927;4757341;3;8;42.65;0;-84;2.47;0.18;0.13;0.0;0.0002;Mala
23/8/2025 17:56;3878604;4259834;2;3;33.15;0;-93;22.97;0.1;0.11;0.0001;0.0001;Buena
23/8/2025 17:57;5327858;3127988;1;7;18.63;0;-103;2.09;0.14;0.08;0.0;0.0002;Mala
23/8/2025 17:58;8433533;704366;7;8;19.39;0;-111;14.36;0.22;0.02;0.0001;0.0011;Regular
23/8/2025 17:59;9652831;1002420;8;9;46.11;1;-112;5.17;0.26;0.03;0.0001;0.0009;Mala
23/8/2025 18:00;6984684;2751401;1;9;61.59;0;-88;22.57;0.19;0.07;0.0;0.0003;Buena
23/8/2025 18:01;3694287;2179161;13;4;12.66;1;-102;27.35;0.1;0.06;0.0004;0.0002;Regular
23/8/2025 18:02;7511634;1538199;13;6;94.26;0;-108;16.62;0.2;0.04;0.0002;0.0004;Regular
23/8/2025 18:03;5621056;1160902;3;9;76.74;0;-107;15.81;0.15;0.03;0.0001;0.0008;Regular
23/8/2025 18:04;9976973;2038112;5;3;60.73;0;-81;22.92;0.27;0.05;0.0001;0.0001;Buena
23/8/2025 18:05;1703662;2226676;10;0;83.7;0;-95;0.15;0.05;0.06;0.0006;0.0;Mala
23/8/2025 18:06;2305585;1870073;2;2;12.62;0;-98;27.53;0.06;0.05;0.0001;0.0001;Regular
23/8/2025 18:07;5092097;4653585;7;4;50.3;1;-83;5.92;0.14;0.12;0.0001;0.0001;Mala
23/8/2025 18:08;3659440;2185996;2;2;64.86;0;-108;29.52;0.1;0.06;0.0001;0.0001;Regular
23/8/2025 18:09;4943645;3746417;13;6;83.72;0;-99;22.09;0.13;0.1;0.0003;0.0002;Regular
23/8/2025 18:10;5495013;1202436;12;8;79.43;0;-85;23.23;0.15;0.03;0.0002;0.0007;Buena
23/8/2025 18:11;7094467;3043788;12;5;31.32;0;-82;19.69;0.19;0.08;0.0002;0.0002;Regular
23/8/2025 18:12;6517366;1852144;1;9;94.38;0;-110;14.15;0.17;0.05;0.0;0.0005;Regular
23/8/2025 18:13;4448678;2051330;12;0;16.81;0;-94;17.15;0.12;0.05;0.0003;0.0;Regular
23/8/2025 18:14;6211593;1471248;18;6;88.14;0;-102;1.39;0.17;0.04;0.0003;0.0004;Mala
23/8/2025 18:15;9370262;3107411;5;2;97.24;0;-113;18.72;0.25;0.08;0.0001;0.0001;Regular
23/8/2025 18:16;5846769;2193439;15;4;21.83;0;-104;18.78;0.16;0.06;0.0003;0.0002;Regular
23/8/2025 18:17;8449607;2331094;1;9;73.6;0;-104;26.74;0.23;0.06;0.0;0.0004;Regular
23/8/2025 18:18;5043064;3937172;7;3;8.83;0;-114;15.17;0.13;0.1;0.0001;0.0001;Regular
23/8/2025 18:19;3602967;1559325;16;9;43.52;0;-114;2.31;0.1;0.04;0.0004;0.0006;Mala
23/8/2025 18:20;4438550;2463571;1;4;54.05;0;-101;9.19;0.12;0.07;0.0;0.0002;Mala
23/8/2025 18:21;1076218;4919323;9;4;60.16;0;-93;19.67;0.03;0.13;0.0008;0.0001;Regular
23/8/2025 18:22;7878974;1097218;15;5;93.91;0;-87;7.18;0.21;0.03;0.0002;0.0005;Mala
23/8/2025 18:23;1770044;4315144;5;9;68.86;0;-99;8.42;0.05;0.12;0.0003;0.0002;Mala
23/8/2025 18:24;6579079;3936252;1;9;50.72;0;-84;24.61;0.18;0.1;0.0;0.0002;Buena
23/8/2025 18:25;4185714;1317052;1;5;81.92;0;-109;17.53;0.11;0.04;0.0;0.0004;Regular
23/8/2025 18:26;2728096;2485957;12;7;95.3;0;-86;15.26;0.07;0.07;0.0004;0.0003;Regular
23/8/2025 18:27;9736347;1928080;14;7;7.1;0;-88;9.55;0.26;0.05;0.0001;0.0004;Mala
23/8/2025 18:28;9860935;1601928;1;8;98.34;0;-102;21.93;0.26;0.04;0.0;0.0005;Regular
23/8/2025 18:29;8667105;3021279;6;7;13.18;0;-86;8.63;0.23;0.08;0.0001;0.0002;Mala
23/8/2025 18:30;3694946;2600343;2;1;82.37;0;-99;22.11;0.1;0.07;0.0001;0.0;Regular
23/8/2025 18:31;5229215;4596392;7;9;31.63;0;-84;2.1;0.14;0.12;0.0001;0.0002;Mala
23/8/2025 18:32;2922135;3226016;13;0;17.56;0;-110;25.94;0.08;0.09;0.0004;0.0;Regular
23/8/2025 18:33;8021855;1744289;6;9;46.79;1;-92;14.99;0.21;0.05;0.0001;0.0005;Regular
23/8/2025 18:34;1978039;942939;6;1;66.18;1;-110;13.16;0.05;0.03;0.0003;0.0001;Regular
23/8/2025 18:35;9997354;1552207;0;1;41.19;0;-89;18.33;0.27;0.04;0.0;0.0001;Regular
23/8/2025 18:36;8352207;3782972;16;2;10.18;0;-98;18.73;0.22;0.1;0.0002;0.0001;Regular
23/8/2025 18:37;1499876;804224;8;9;61.95;0;-92;3.96;0.04;0.02;0.0005;0.0011;Mala
23/8/2025 18:38;2962165;4914473;12;6;90.73;1;-92;22.69;0.08;0.13;0.0004;0.0001;Buena
23/8/2025 18:39;8985620;3211793;18;1;41.41;0;-82;8.28;0.24;0.09;0.0002;0.0;Mala
23/8/2025 18:40;1611213;2819124;18;0;25.55;0;-101;27.15;0.04;0.08;0.0011;0.0;Regular
23/8/2025 18:41;1768734;4423227;16;5;47.04;0;-105;24.54;0.05;0.12;0.0009;0.0001;Regular
23/8/2025 18:42;8750575;2573290;9;8;9.59;0;-94;10.39;0.23;0.07;0.0001;0.0003;Regular
23/8/2025 18:43;5241361;3018970;9;2;82.95;0;-92;24.23;0.14;0.08;0.0002;0.0001;Buena
23/8/2025 18:44;6511174;4389877;3;5;83.5;1;-115;10.69;0.17;0.12;0.0;0.0001;Regular
23/8/2025 18:45;2839433;2227408;7;2;60.86;0;-98;3.03;0.08;0.06;0.0002;0.0001;Mala
23/8/2025 18:46;7569632;3301742;19;0;38.54;0;-104;28.86;0.2;0.09;0.0003;0.0;Regular
23/8/2025 18:47;4672214;3588272;19;4;80.98;0;-88;19.58;0.12;0.1;0.0004;0.0001;Regular
23/8/2025 18:48;3026580;1555675;17;9;57.7;0;-109;13.68;0.08;0.04;0.0006;0.0006;Regular
23/8/2025 18:49;8229039;4064375;13;3;83.46;0;-93;11.93;0.22;0.11;0.0002;0.0001;Regular
23/8/2025 18:50;8507324;1465188;17;6;64.99;0;-95;9.74;0.23;0.04;0.0002;0.0004;Mala
23/8/2025 18:51;7202258;2661088;13;5;79.52;0;-82;29.44;0.19;0.07;0.0002;0.0002;Buena
23/8/2025 18:52;5339235;2820484;19;9;61.86;0;-105;4.04;0.14;0.08;0.0004;0.0003;Mala
23/8/2025 18:53;4526737;4605223;14;6;44.34;0;-94;9.44;0.12;0.12;0.0003;0.0001;Mala
23/8/2025 18:54;9790529;3322988;3;4;96.0;0;-81;14.56;0.26;0.09;0.0;0.0001;Regular
